id,exam_season_id,eventId,academicYrId,csId,pattern,CourseCode,Program,sem,Subject,prn_no,inst_code,GraceMarks,GraceMarksType,RevaluationMarks,TotalMarks,Outof100Marks,GradePoints,CreditsforResult,SubjectGPA,MarksforGrade,Grade,Result,GraceMarksOrdinance,IsAbsent,State,UnfairMeansCase,ContinuousAssessment1Marks,ContinuousAssessment2Marks,MidExamMarks,SessionalExamMarks,InternalPracticalMarks,PracticalMarks,EndExamMarks,RemedialMarks,RevaluationMarks1,InternalSessional1,TW,PR_OR,subject_group,created_at,updated_at,deleted_at,created_by,updated_by,deleted_by
1,62,5,5,NULL,2021,11191,BTECH_CIVILENG_SEM3#2021,3,BTBS301,T2121161191565,2116,0,,,65,65,6.5,4,26,65,CD,Pass,,No,Published,,7,7,9,,,,42,,,,NULL,NULL,NULL,16:04.0,15:35.0,NULL,NULL,NULL,NULL
2,62,5,5,NULL,2021,11370,ENC_SEM3#2021,3,BTBS301,T2141901370527,4190,0,,,44,44,5,4,20,44,EE,Pass,,No,Published,,9,8,12,,,,15,,,,NULL,NULL,NULL,16:04.0,15:35.0,NULL,NULL,NULL,NULL
3,62,5,5,NULL,2021,11370,ENC_SEM3#2021,3,BTBS301,T2141901370529,4190,0,,,71,71,7.5,4,30,71,BC,Pass,,No,Published,,8,8,16,,,,39,,,,NULL,NULL,NULL,16:04.0,15:35.0,NULL,NULL,NULL,NULL
4,62,5,5,NULL,2021,11370,ENC_SEM3#2021,3,BTBS301,T2141901370528,4190,0,,,62,62,6.5,4,26,62,CD,Pass,,No,Published,,9,9,14,,,,30,,,,NULL,NULL,NULL,16:04.0,15:35.0,NULL,NULL,NULL,NULL
5,62,5,5,NULL,2021,11293,BTECH_ELEENG_SEM3#2021,3,BTBS301,T2121361293546,2136,0,,,52,52,5.5,4,22,52,DE,Pass,,No,Published,No,8,7,18,,,,19,,,,NULL,NULL,NULL,16:04.0,15:35.0,NULL,NULL,NULL,NULL
6,62,5,5,NULL,2021,11612,BTECH_MECHENG_SEM3#2021,3,BTBS301,T2121361612568,2136,0,,,43,43,5,4,20,43,EE,Pass,,No,Published,No,7,7,17,,,,12,,,,NULL,NULL,NULL,16:04.0,15:35.0,NULL,NULL,NULL,NULL
7,62,5,5,NULL,2021,11612,BTECH_MECHENG_SEM3#2021,3,BTBS301,T2121361612569,2136,0,,,52,52,5.5,4,22,52,DE,Pass,,No,Published,No,7,7,18,,,,20,,,,NULL,NULL,NULL,16:04.0,15:35.0,NULL,NULL,NULL,NULL
8,62,5,5,NULL,2021,11245,BTECH_CE_SEM3#2021,3,BTBS301,T2051031245098,5103,0,,,59,59,6,4,24,59,DD,Pass,,No,Published,,9,9,18,,,,23,,,,NULL,NULL,NULL,16:04.0,15:35.0,NULL,NULL,NULL,NULL
9,62,5,5,NULL,2021,11245,BTECH_CE_SEM3#2021,3,BTBS301,T2051031245099,5103,0,,,80,80,8,4,32,80,BB,Pass,,No,Published,,9,9,18,,,,44,,,,NULL,NULL,NULL,16:04.0,15:35.0,NULL,NULL,NULL,NULL
10,62,5,5,NULL,2021,11245,BTECH_CE_SEM3#2021,3,BTBS301,T2051031245100,5103,0,,,73,73,7.5,4,30,73,BC,Pass,,No,Published,,9,9,18,,,,37,,,,NULL,NULL,NULL,16:04.0,15:35.0,NULL,NULL,NULL,NULL
11,62,5,5,NULL,2021,11245,BTECH_CE_SEM3#2021,3,BTBS301,T2051031245101,5103,0,,,79,79,8,4,32,79,BB,Pass,,No,Published,,9,8,17,,,,45,,,,NULL,NULL,NULL,16:04.0,15:35.0,NULL,NULL,NULL,NULL
12,62,5,5,NULL,2021,11245,BTECH_CE_SEM3#2021,3,BTBS301,T2051031245102,5103,0,,,86,86,9,4,36,86,AA,Pass,,No,Published,,8,9,19,,,,50,,,,NULL,NULL,NULL,16:04.0,15:35.0,NULL,NULL,NULL,NULL
13,62,5,5,NULL,2021,11245,BTECH_CE_SEM3#2021,3,BTBS301,T2051031245103,5103,0,,,79,79,8,4,32,79,BB,Pass,,No,Published,,9,9,18,,,,43,,,,NULL,NULL,NULL,16:04.0,15:35.0,NULL,NULL,NULL,NULL
14,62,5,5,NULL,2021,11245,BTECH_CE_SEM3#2021,3,BTBS301,T2051031245104,5103,0,,,78,78,8,4,32,78,BB,Pass,,No,Published,,9,9,18,,,,42,,,,NULL,NULL,NULL,16:04.0,15:35.0,NULL,NULL,NULL,NULL
15,62,5,5,NULL,2021,11245,BTECH_CE_SEM3#2021,3,BTBS301,T2051031245105,5103,0,,,77,77,8,4,32,77,BB,Pass,,No,Published,,9,8,17,,,,43,,,,NULL,NULL,NULL,16:04.0,15:35.0,NULL,NULL,NULL,NULL
16,62,5,5,NULL,2021,11245,BTECH_CE_SEM3#2021,3,BTBS301,T2051031245106,5103,0,,,78,78,8,4,32,78,BB,Pass,,No,Published,,9,9,18,,,,42,,,,NULL,NULL,NULL,16:04.0,15:35.0,NULL,NULL,NULL,NULL
17,62,5,5,NULL,2021,11245,BTECH_CE_SEM3#2021,3,BTBS301,T2051031245107,5103,0,,,72,72,7.5,4,30,72,BC,Pass,,No,Published,,9,8,17,,,,38,,,,NULL,NULL,NULL,16:04.0,15:35.0,NULL,NULL,NULL,NULL
18,62,5,5,NULL,2021,11245,BTECH_CE_SEM3#2021,3,BTBS301,T2051031245108,5103,0,,,80,80,8,4,32,80,BB,Pass,,No,Published,,9,9,18,,,,44,,,,NULL,NULL,NULL,16:04.0,15:35.0,NULL,NULL,NULL,NULL
19,62,5,5,NULL,2021,11245,BTECH_CE_SEM3#2021,3,BTBS301,T2051031245109,5103,0,,,70,70,7,4,28,70,CC,Pass,,No,Published,,9,9,18,,,,34,,,,NULL,NULL,NULL,16:04.0,15:35.0,NULL,NULL,NULL,NULL
20,62,5,5,NULL,2021,11245,BTECH_CE_SEM3#2021,3,BTBS301,T2051031245110,5103,0,,,80,80,8,4,32,80,BB,Pass,,No,Published,,9,8,17,,,,46,,,,NULL,NULL,NULL,16:04.0,15:35.0,NULL,NULL,NULL,NULL
21,62,5,5,NULL,2021,11245,BTECH_CE_SEM3#2021,3,BTBS301,T2051031245111,5103,0,,,68,68,7,4,28,68,CC,Pass,,No,Published,,9,9,18,,,,32,,,,NULL,NULL,NULL,16:04.0,15:35.0,NULL,NULL,NULL,NULL
22,62,5,5,NULL,2021,11245,BTECH_CE_SEM3#2021,3,BTBS301,T2051031245112,5103,0,,,85,85,8.5,4,34,85,AB,Pass,,No,Published,,9,9,18,,,,49,,,,NULL,NULL,NULL,16:04.0,15:35.0,NULL,NULL,NULL,NULL
23,62,5,5,NULL,2021,11245,BTECH_CE_SEM3#2021,3,BTBS301,T2051031245113,5103,0,,,73,73,7.5,4,30,73,BC,Pass,,No,Published,,8,8,18,,,,39,,,,NULL,NULL,NULL,16:04.0,15:35.0,NULL,NULL,NULL,NULL
24,62,5,5,NULL,2021,11245,BTECH_CE_SEM3#2021,3,BTBS301,T2051031245114,5103,0,,,70,70,7,4,28,70,CC,Pass,,No,Published,,9,9,18,,,,34,,,,NULL,NULL,NULL,16:04.0,15:35.0,NULL,NULL,NULL,NULL
25,62,5,5,NULL,2021,11245,BTECH_CE_SEM3#2021,3,BTBS301,T2051031245115,5103,0,,,82,82,8.5,4,34,82,AB,Pass,,No,Published,,9,9,18,,,,46,,,,NULL,NULL,NULL,16:04.0,15:35.0,NULL,NULL,NULL,NULL
26,62,5,5,NULL,2021,11245,BTECH_CE_SEM3#2021,3,BTBS301,T2051031245116,5103,0,,,71,71,7.5,4,30,71,BC,Pass,,No,Published,,9,8,17,,,,37,,,,NULL,NULL,NULL,16:04.0,15:35.0,NULL,NULL,NULL,NULL
27,62,5,5,NULL,2021,11245,BTECH_CE_SEM3#2021,3,BTBS301,T2051031245117,5103,0,,,81,81,8.5,4,34,81,AB,Pass,,No,Published,,8,9,19,,,,45,,,,NULL,NULL,NULL,16:04.0,15:35.0,NULL,NULL,NULL,NULL
28,62,5,5,NULL,2021,11245,BTECH_CE_SEM3#2021,3,BTBS301,T2051031245118,5103,0,,,72,72,7.5,4,30,72,BC,Pass,,No,Published,,9,9,18,,,,36,,,,NULL,NULL,NULL,16:04.0,15:35.0,NULL,NULL,NULL,NULL
29,62,5,5,NULL,2021,11245,BTECH_CE_SEM3#2021,3,BTBS301,T2051031245119,5103,0,,,80,80,8,4,32,80,BB,Pass,,No,Published,,9,8,17,,,,46,,,,NULL,NULL,NULL,16:04.0,15:35.0,NULL,NULL,NULL,NULL
30,62,5,5,NULL,2021,11245,BTECH_CE_SEM3#2021,3,BTBS301,T2051031245120,5103,0,,,87,87,9,4,36,87,AA,Pass,,No,Published,,9,9,18,,,,51,,,,NULL,NULL,NULL,16:04.0,15:35.0,NULL,NULL,NULL,NULL
31,62,5,5,NULL,2021,11245,BTECH_CE_SEM3#2021,3,BTBS301,T2051031245121,5103,0,,,81,81,8.5,4,34,81,AB,Pass,,No,Published,,9,9,18,,,,45,,,,NULL,NULL,NULL,16:04.0,15:35.0,NULL,NULL,NULL,NULL
32,62,5,5,NULL,2021,11245,BTECH_CE_SEM3#2021,3,BTBS301,T2051031245122,5103,0,,,73,73,7.5,4,30,73,BC,Pass,,No,Published,,8,9,19,,,,37,,,,NULL,NULL,NULL,16:04.0,15:35.0,NULL,NULL,NULL,NULL
33,62,5,5,NULL,2021,11245,BTECH_CE_SEM3#2021,3,BTBS301,T2051031245123,5103,0,,,77,77,8,4,32,77,BB,Pass,,No,Published,,9,8,17,,,,43,,,,NULL,NULL,NULL,16:04.0,15:35.0,NULL,NULL,NULL,NULL
34,62,5,5,NULL,2021,11245,BTECH_CE_SEM3#2021,3,BTBS301,T2051031245124,5103,0,,,82,82,8.5,4,34,82,AB,Pass,,No,Published,,8,9,18,,,,47,,,,NULL,NULL,NULL,16:04.0,15:35.0,NULL,NULL,NULL,NULL
35,62,5,5,NULL,2021,11245,BTECH_CE_SEM3#2021,3,BTBS301,T2051031245125,5103,0,,,64,64,6.5,4,26,64,CD,Pass,,No,Published,,9,9,18,,,,28,,,,NULL,NULL,NULL,16:04.0,15:35.0,NULL,NULL,NULL,NULL
36,62,5,5,NULL,2021,11245,BTECH_CE_SEM3#2021,3,BTBS301,T2051031245126,5103,0,,,80,80,8,4,32,80,BB,Pass,,No,Published,,9,9,18,,,,44,,,,NULL,NULL,NULL,16:04.0,15:35.0,NULL,NULL,NULL,NULL
37,62,5,5,NULL,2021,11245,BTECH_CE_SEM3#2021,3,BTBS301,T2051031245127,5103,0,,,81,81,8.5,4,34,81,AB,Pass,,No,Published,,10,9,19,,,,43,,,,NULL,NULL,NULL,16:04.0,15:35.0,NULL,NULL,NULL,NULL
38,62,5,5,NULL,2021,11245,BTECH_CE_SEM3#2021,3,BTBS301,T2051031245128,5103,0,,,72,72,7.5,4,30,72,BC,Pass,,No,Published,,9,9,18,,,,36,,,,NULL,NULL,NULL,16:04.0,15:35.0,NULL,NULL,NULL,NULL
39,62,5,5,NULL,2021,11245,BTECH_CE_SEM3#2021,3,BTBS301,T2051031245129,5103,0,,,78,78,8,4,32,78,BB,Pass,,No,Published,,9,8,17,,,,44,,,,NULL,NULL,NULL,16:04.0,15:35.0,NULL,NULL,NULL,NULL
40,62,5,5,NULL,2021,11245,BTECH_CE_SEM3#2021,3,BTBS301,T2051031245130,5103,0,,,72,72,7.5,4,30,72,BC,Pass,,No,Published,,9,9,18,,,,36,,,,NULL,NULL,NULL,16:04.0,15:35.0,NULL,NULL,NULL,NULL
41,62,5,5,NULL,2021,11372,BTECH_ENTCENG_SEM3#2021,3,BTBS301,T2051031372001,5103,0,,,95,95,10,4,40,95,EX,Pass,,No,Published,,10,10,19,,,,56,,,,NULL,NULL,NULL,16:04.0,15:35.0,NULL,NULL,NULL,NULL
42,62,5,5,NULL,2021,11372,BTECH_ENTCENG_SEM3#2021,3,BTBS301,T2051031372002,5103,0,,,77,77,8,4,32,77,BB,Pass,,No,Published,,8,10,19,,,,40,,,,NULL,NULL,NULL,16:04.0,15:35.0,NULL,NULL,NULL,NULL
43,62,5,5,NULL,2021,11372,BTECH_ENTCENG_SEM3#2021,3,BTBS301,T2051031372003,5103,0,,,91,91,10,4,40,91,EX,Pass,,No,Published,,9,10,20,,,,52,,,,NULL,NULL,NULL,16:04.0,15:35.0,NULL,NULL,NULL,NULL
44,62,5,5,NULL,2021,11372,BTECH_ENTCENG_SEM3#2021,3,BTBS301,T2051031372004,5103,0,,,83,83,8.5,4,34,83,AB,Pass,,No,Published,,9,9,17,,,,48,,,,NULL,NULL,NULL,16:04.0,15:35.0,NULL,NULL,NULL,NULL
45,62,5,5,NULL,2021,11372,BTECH_ENTCENG_SEM3#2021,3,BTBS301,T2051031372005,5103,0,,,81,81,8.5,4,34,81,AB,Pass,,No,Published,,8,10,17,,,,46,,,,NULL,NULL,NULL,16:04.0,15:35.0,NULL,NULL,NULL,NULL
46,62,5,5,NULL,2021,11372,BTECH_ENTCENG_SEM3#2021,3,BTBS301,T2051031372006,5103,0,,,78,78,8,4,32,78,BB,Pass,,No,Published,,8,10,17,,,,43,,,,NULL,NULL,NULL,16:04.0,15:35.0,NULL,NULL,NULL,NULL
47,62,5,5,NULL,2021,11372,BTECH_ENTCENG_SEM3#2021,3,BTBS301,T2051031372007,5103,0,,,84,84,8.5,4,34,84,AB,Pass,,No,Published,,10,10,19,,,,45,,,,NULL,NULL,NULL,16:04.0,15:35.0,NULL,NULL,NULL,NULL
48,62,5,5,NULL,2021,11372,BTECH_ENTCENG_SEM3#2021,3,BTBS301,T2051031372008,5103,0,,,87,87,9,4,36,87,AA,Pass,,No,Published,,8,10,20,,,,49,,,,NULL,NULL,NULL,16:04.0,15:35.0,NULL,NULL,NULL,NULL
49,62,5,5,NULL,2021,11372,BTECH_ENTCENG_SEM3#2021,3,BTBS301,T2051031372009,5103,0,,,81,81,8.5,4,34,81,AB,Pass,,No,Published,,8,10,18,,,,45,,,,NULL,NULL,NULL,16:04.0,15:35.0,NULL,NULL,NULL,NULL
50,62,5,5,NULL,2021,11372,BTECH_ENTCENG_SEM3#2021,3,BTBS301,T2051031372010,5103,0,,,71,71,7.5,4,30,71,BC,Pass,,No,Published,,9,10,18,,,,34,,,,NULL,NULL,NULL,16:04.0,15:35.0,NULL,NULL,NULL,NULL
51,62,5,5,NULL,2021,11372,BTECH_ENTCENG_SEM3#2021,3,BTBS301,T2051031372011,5103,0,,,68,68,7,4,28,68,CC,Pass,,No,Published,,10,10,18,,,,30,,,,NULL,NULL,NULL,16:04.0,15:35.0,NULL,NULL,NULL,NULL
52,62,5,5,NULL,2021,11372,BTECH_ENTCENG_SEM3#2021,3,BTBS301,T2051031372012,5103,0,,,84,84,8.5,4,34,84,AB,Pass,,No,Published,,10,10,18,,,,46,,,,NULL,NULL,NULL,16:04.0,15:35.0,NULL,NULL,NULL,NULL
53,62,5,5,NULL,2021,11372,BTECH_ENTCENG_SEM3#2021,3,BTBS301,T2051031372013,5103,0,,,67,67,7,4,28,67,CC,Pass,,No,Published,,8,10,17,,,,32,,,,NULL,NULL,NULL,16:04.0,15:35.0,NULL,NULL,NULL,NULL
54,62,5,5,NULL,2021,11372,BTECH_ENTCENG_SEM3#2021,3,BTBS301,T2051031372014,5103,0,,,73,73,7.5,4,30,73,BC,Pass,,No,Published,,8,10,17,,,,38,,,,NULL,NULL,NULL,16:04.0,15:35.0,NULL,NULL,NULL,NULL
55,62,5,5,NULL,2021,11372,BTECH_ENTCENG_SEM3#2021,3,BTBS301,T2051031372015,5103,0,,,66,66,7,4,28,66,CC,Pass,,No,Published,,8,9,18,,,,31,,,,NULL,NULL,NULL,16:04.0,15:35.0,NULL,NULL,NULL,NULL
56,62,5,5,NULL,2021,11372,BTECH_ENTCENG_SEM3#2021,3,BTBS301,T2051031372016,5103,0,,,90,90,9,4,36,90,AA,Pass,,No,Published,,8,10,20,,,,52,,,,NULL,NULL,NULL,16:04.0,15:35.0,NULL,NULL,NULL,NULL
57,62,5,5,NULL,2021,11372,BTECH_ENTCENG_SEM3#2021,3,BTBS301,T2051031372017,5103,0,,,74,74,7.5,4,30,74,BC,Pass,,No,Published,,8,10,17,,,,39,,,,NULL,NULL,NULL,16:04.0,15:35.0,NULL,NULL,NULL,NULL
58,62,5,5,NULL,2021,11372,BTECH_ENTCENG_SEM3#2021,3,BTBS301,T2051031372018,5103,0,,,91,91,10,4,40,91,EX,Pass,,No,Published,,10,10,17,,,,54,,,,NULL,NULL,NULL,16:04.0,15:35.0,NULL,NULL,NULL,NULL
59,62,5,5,NULL,2021,11372,BTECH_ENTCENG_SEM3#2021,3,BTBS301,T2051031372019,5103,0,,,81,81,8.5,4,34,81,AB,Pass,,No,Published,,9,10,17,,,,45,,,,NULL,NULL,NULL,16:04.0,15:35.0,NULL,NULL,NULL,NULL
60,62,5,5,NULL,2021,11372,BTECH_ENTCENG_SEM3#2021,3,BTBS301,T2051031372020,5103,0,,,69,69,7,4,28,69,CC,Pass,,No,Published,,10,10,20,,,,29,,,,NULL,NULL,NULL,16:04.0,15:35.0,NULL,NULL,NULL,NULL
61,62,5,5,NULL,2021,11372,BTECH_ENTCENG_SEM3#2021,3,BTBS301,T2051031372021,5103,0,,,79,79,8,4,32,79,BB,Pass,,No,Published,,9,10,17,,,,43,,,,NULL,NULL,NULL,16:04.0,15:35.0,NULL,NULL,NULL,NULL
62,62,5,5,NULL,2021,11372,BTECH_ENTCENG_SEM3#2021,3,BTBS301,T2051031372022,5103,0,,,81,81,8.5,4,34,81,AB,Pass,,No,Published,,8,10,20,,,,43,,,,NULL,NULL,NULL,16:04.0,15:35.0,NULL,NULL,NULL,NULL
63,62,5,5,NULL,2021,11372,BTECH_ENTCENG_SEM3#2021,3,BTBS301,T2051031372023,5103,0,,,82,82,8.5,4,34,82,AB,Pass,,No,Published,,10,10,17,,,,45,,,,NULL,NULL,NULL,16:04.0,15:35.0,NULL,NULL,NULL,NULL
64,62,5,5,NULL,2021,11372,BTECH_ENTCENG_SEM3#2021,3,BTBS301,T2051031372024,5103,0,,,74,74,7.5,4,30,74,BC,Pass,,No,Published,,8,10,18,,,,38,,,,NULL,NULL,NULL,16:04.0,15:35.0,NULL,NULL,NULL,NULL
65,62,5,5,NULL,2021,11372,BTECH_ENTCENG_SEM3#2021,3,BTBS301,T2051031372025,5103,0,,,76,76,8,4,32,76,BB,Pass,,No,Published,,9,10,20,,,,37,,,,NULL,NULL,NULL,16:04.0,15:35.0,NULL,NULL,NULL,NULL
66,62,5,5,NULL,2021,11372,BTECH_ENTCENG_SEM3#2021,3,BTBS301,T2051031372026,5103,0,,,83,83,8.5,4,34,83,AB,Pass,,No,Published,,8,10,19,,,,46,,,,NULL,NULL,NULL,16:04.0,15:35.0,NULL,NULL,NULL,NULL
67,62,5,5,NULL,2021,11372,BTECH_ENTCENG_SEM3#2021,3,BTBS301,T2051031372027,5103,0,,,91,91,10,4,40,91,EX,Pass,,No,Published,,10,10,18,,,,53,,,,NULL,NULL,NULL,16:04.0,15:35.0,NULL,NULL,NULL,NULL
68,62,5,5,NULL,2021,11372,BTECH_ENTCENG_SEM3#2021,3,BTBS301,T2051031372028,5103,0,,,83,83,8.5,4,34,83,AB,Pass,,No,Published,,8,10,20,,,,45,,,,NULL,NULL,NULL,16:04.0,15:35.0,NULL,NULL,NULL,NULL
69,62,5,5,NULL,2021,11372,BTECH_ENTCENG_SEM3#2021,3,BTBS301,T2051031372029,5103,0,,,84,84,8.5,4,34,84,AB,Pass,,No,Published,,10,10,18,,,,46,,,,NULL,NULL,NULL,16:04.0,15:35.0,NULL,NULL,NULL,NULL
70,62,5,5,NULL,2021,11372,BTECH_ENTCENG_SEM3#2021,3,BTBS301,T2051031372030,5103,0,,,85,85,8.5,4,34,85,AB,Pass,,No,Published,,10,10,20,,,,45,,,,NULL,NULL,NULL,16:04.0,15:35.0,NULL,NULL,NULL,NULL
71,62,5,5,NULL,2021,11372,BTECH_ENTCENG_SEM3#2021,3,BTBS301,T2051031372031,5103,0,,,88,88,9,4,36,88,AA,Pass,,No,Published,,9,10,18,,,,51,,,,NULL,NULL,NULL,16:04.0,15:35.0,NULL,NULL,NULL,NULL
72,62,5,5,NULL,2021,11372,BTECH_ENTCENG_SEM3#2021,3,BTBS301,T2051031372032,5103,0,,,89,89,9,4,36,89,AA,Pass,,No,Published,,9,10,18,,,,52,,,,NULL,NULL,NULL,16:04.0,15:35.0,NULL,NULL,NULL,NULL
73,62,5,5,NULL,2021,11372,BTECH_ENTCENG_SEM3#2021,3,BTBS301,T2051031372033,5103,0,,,75,75,7.5,4,30,75,BC,Pass,,No,Published,,8,10,18,,,,39,,,,NULL,NULL,NULL,16:04.0,15:35.0,NULL,NULL,NULL,NULL
74,62,5,5,NULL,2021,11372,BTECH_ENTCENG_SEM3#2021,3,BTBS301,T2051031372034,5103,0,,,86,86,9,4,36,86,AA,Pass,,No,Published,,8,10,20,,,,48,,,,NULL,NULL,NULL,16:04.0,15:35.0,NULL,NULL,NULL,NULL
75,62,5,5,NULL,2021,11372,BTECH_ENTCENG_SEM3#2021,3,BTBS301,T2051031372035,5103,0,,,86,86,9,4,36,86,AA,Pass,,No,Published,,8,10,17,,,,51,,,,NULL,NULL,NULL,16:04.0,15:35.0,NULL,NULL,NULL,NULL
76,62,5,5,NULL,2021,11372,BTECH_ENTCENG_SEM3#2021,3,BTBS301,T2051031372036,5103,0,,,85,85,8.5,4,34,85,AB,Pass,,No,Published,,9,10,19,,,,47,,,,NULL,NULL,NULL,16:04.0,15:35.0,NULL,NULL,NULL,NULL
77,62,5,5,NULL,2021,11372,BTECH_ENTCENG_SEM3#2021,3,BTBS301,T2051031372037,5103,0,,,68,68,7,4,28,68,CC,Pass,,No,Published,,9,10,20,,,,29,,,,NULL,NULL,NULL,16:04.0,15:35.0,NULL,NULL,NULL,NULL
78,62,5,5,NULL,2021,11376,ELECTRONICS_SEM3#2021,3,BTBS301,T2051031376001,5103,0,,,80,80,8,4,32,80,BB,Pass,,No,Published,,8,10,17,,,,45,,,,NULL,NULL,NULL,16:04.0,15:35.0,NULL,NULL,NULL,NULL
79,62,5,5,NULL,2021,11376,ELECTRONICS_SEM3#2021,3,BTBS301,T2051031376002,5103,0,,,77,77,8,4,32,77,BB,Pass,,No,Published,,7,10,18,,,,42,,,,NULL,NULL,NULL,16:04.0,15:35.0,NULL,NULL,NULL,NULL
80,62,5,5,NULL,2021,11376,ELECTRONICS_SEM3#2021,3,BTBS301,T2051031376003,5103,0,,,78,78,8,4,32,78,BB,Pass,,No,Published,,7,10,20,,,,41,,,,NULL,NULL,NULL,16:04.0,15:35.0,NULL,NULL,NULL,NULL
81,62,5,5,NULL,2021,11376,ELECTRONICS_SEM3#2021,3,BTBS301,T2051031376004,5103,0,,,59,59,6,4,24,59,DD,Pass,,No,Published,,8,10,17,,,,24,,,,NULL,NULL,NULL,16:04.0,15:35.0,NULL,NULL,NULL,NULL
82,62,5,5,NULL,2021,11376,ELECTRONICS_SEM3#2021,3,BTBS301,T2051031376005,5103,0,,,62,62,6.5,4,26,62,CD,Pass,,No,Published,,7,10,18,,,,27,,,,NULL,NULL,NULL,16:04.0,15:35.0,NULL,NULL,NULL,NULL
83,62,5,5,NULL,2021,11376,ELECTRONICS_SEM3#2021,3,BTBS301,T2051031376006,5103,0,,,85,85,8.5,4,34,85,AB,Pass,,No,Published,,7,10,18,,,,50,,,,NULL,NULL,NULL,16:04.0,15:35.0,NULL,NULL,NULL,NULL
84,62,5,5,NULL,2021,11376,ELECTRONICS_SEM3#2021,3,BTBS301,T2051031376007,5103,0,,,72,72,7.5,4,30,72,BC,Pass,,No,Published,,7,10,18,,,,37,,,,NULL,NULL,NULL,16:04.0,15:35.0,NULL,NULL,NULL,NULL
85,62,5,5,NULL,2021,11376,ELECTRONICS_SEM3#2021,3,BTBS301,T2051031376008,5103,0,,,84,84,8.5,4,34,84,AB,Pass,,No,Published,,8,10,20,,,,46,,,,NULL,NULL,NULL,16:04.0,15:35.0,NULL,NULL,NULL,NULL
86,62,5,5,NULL,2021,11376,ELECTRONICS_SEM3#2021,3,BTBS301,T2051031376009,5103,0,,,76,76,8,4,32,76,BB,Pass,,No,Published,,8,10,17,,,,41,,,,NULL,NULL,NULL,16:04.0,15:35.0,NULL,NULL,NULL,NULL
87,62,5,5,NULL,2021,11376,ELECTRONICS_SEM3#2021,3,BTBS301,T2051031376010,5103,0,,,74,74,7.5,4,30,74,BC,Pass,,No,Published,,8,10,17,,,,39,,,,NULL,NULL,NULL,16:04.0,15:35.0,NULL,NULL,NULL,NULL
88,62,5,5,NULL,2021,11376,ELECTRONICS_SEM3#2021,3,BTBS301,T2051031376011,5103,0,,,75,75,7.5,4,30,75,BC,Pass,,No,Published,,8,10,17,,,,40,,,,NULL,NULL,NULL,16:04.0,15:35.0,NULL,NULL,NULL,NULL
89,62,5,5,NULL,2021,11376,ELECTRONICS_SEM3#2021,3,BTBS301,T2051031376012,5103,0,,,95,95,10,4,40,95,EX,Pass,,No,Published,,10,10,20,,,,55,,,,NULL,NULL,NULL,16:04.0,15:35.0,NULL,NULL,NULL,NULL
90,62,5,5,NULL,2021,11376,ELECTRONICS_SEM3#2021,3,BTBS301,T2051031376013,5103,0,,,86,86,9,4,36,86,AA,Pass,,No,Published,,9,10,20,,,,47,,,,NULL,NULL,NULL,16:04.0,15:35.0,NULL,NULL,NULL,NULL
91,62,5,5,NULL,2021,11376,ELECTRONICS_SEM3#2021,3,BTBS301,T2051031376014,5103,0,,,78,78,8,4,32,78,BB,Pass,,No,Published,,8,10,17,,,,43,,,,NULL,NULL,NULL,16:04.0,15:35.0,NULL,NULL,NULL,NULL
92,62,5,5,NULL,2021,11376,ELECTRONICS_SEM3#2021,3,BTBS301,T2051031376015,5103,0,,,78,78,8,4,32,78,BB,Pass,,No,Published,,10,10,18,,,,40,,,,NULL,NULL,NULL,16:04.0,15:35.0,NULL,NULL,NULL,NULL
93,62,5,5,NULL,2021,11376,ELECTRONICS_SEM3#2021,3,BTBS301,T2051031376016,5103,0,,,93,93,10,4,40,93,EX,Pass,,No,Published,,10,10,20,,,,53,,,,NULL,NULL,NULL,16:04.0,15:35.0,NULL,NULL,NULL,NULL
94,62,5,5,NULL,2021,11612,BTECH_MECHENG_SEM3#2021,3,BTBS301,T2051031612001,5103,0,,,83,83,8.5,4,34,83,AB,Pass,,No,Published,,10,10,18,,,,45,,,,NULL,NULL,NULL,16:04.0,15:35.0,NULL,NULL,NULL,NULL
95,62,5,5,NULL,2021,11612,BTECH_MECHENG_SEM3#2021,3,BTBS301,T2051031612002,5103,0,,,72,72,7.5,4,30,72,BC,Pass,,No,Published,,10,10,18,,,,34,,,,NULL,NULL,NULL,16:04.0,15:35.0,NULL,NULL,NULL,NULL
96,62,5,5,NULL,2021,11612,BTECH_MECHENG_SEM3#2021,3,BTBS301,T2051031612003,5103,0,,,55,55,5.5,4,22,55,DE,Pass,,No,Published,,8,8,16,,,,23,,,,NULL,NULL,NULL,16:04.0,15:35.0,NULL,NULL,NULL,NULL
97,62,5,5,NULL,2021,11612,BTECH_MECHENG_SEM3#2021,3,BTBS301,T2051031612004,5103,0,,,79,79,8,4,32,79,BB,Pass,,No,Published,,10,10,20,,,,39,,,,NULL,NULL,NULL,16:04.0,15:35.0,NULL,NULL,NULL,NULL
98,62,5,5,NULL,2021,11612,BTECH_MECHENG_SEM3#2021,3,BTBS301,T2051031612005,5103,0,,,83,83,8.5,4,34,83,AB,Pass,,No,Published,,10,10,18,,,,45,,,,NULL,NULL,NULL,16:04.0,15:35.0,NULL,NULL,NULL,NULL
99,62,5,5,NULL,2021,11612,BTECH_MECHENG_SEM3#2021,3,BTBS301,T2051031612006,5103,0,,,82,82,8.5,4,34,82,AB,Pass,,No,Published,,10,10,20,,,,42,,,,NULL,NULL,NULL,16:04.0,15:35.0,NULL,NULL,NULL,NULL
100,62,5,5,NULL,2021,11612,BTECH_MECHENG_SEM3#2021,3,BTBS301,T2051031612007,5103,0,,,63,63,6.5,4,26,63,CD,Pass,,No,Published,,10,10,16,,,,27,,,,NULL,NULL,NULL,16:04.0,15:35.0,NULL,NULL,NULL,NULL
101,62,5,5,NULL,2021,11612,BTECH_MECHENG_SEM3#2021,3,BTBS301,T2051031612008,5103,0,,,71,71,7.5,4,30,71,BC,Pass,,No,Published,,10,10,20,,,,31,,,,NULL,NULL,NULL,16:04.0,15:35.0,NULL,NULL,NULL,NULL
102,62,5,5,NULL,2021,11612,BTECH_MECHENG_SEM3#2021,3,BTBS301,T2051031612009,5103,0,,,77,77,8,4,32,77,BB,Pass,,No,Published,,10,10,18,,,,39,,,,NULL,NULL,NULL,16:04.0,15:35.0,NULL,NULL,NULL,NULL
103,62,5,5,NULL,2021,11612,BTECH_MECHENG_SEM3#2021,3,BTBS301,T2051031612010,5103,0,,,86,86,9,4,36,86,AA,Pass,,No,Published,,10,10,20,,,,46,,,,NULL,NULL,NULL,16:04.0,15:35.0,NULL,NULL,NULL,NULL
104,62,5,5,NULL,2021,11612,BTECH_MECHENG_SEM3#2021,3,BTBS301,T2051031612011,5103,0,,,84,84,8.5,4,34,84,AB,Pass,,No,Published,,10,10,20,,,,44,,,,NULL,NULL,NULL,16:04.0,15:35.0,NULL,NULL,NULL,NULL
105,62,5,5,NULL,2021,11612,BTECH_MECHENG_SEM3#2021,3,BTBS301,T2051031612012,5103,0,,,74,74,7.5,4,30,74,BC,Pass,,No,Published,,10,10,20,,,,34,,,,NULL,NULL,NULL,16:04.0,15:35.0,NULL,NULL,NULL,NULL
106,62,5,5,NULL,2021,11612,BTECH_MECHENG_SEM3#2021,3,BTBS301,T2051031612013,5103,0,,,71,71,7.5,4,30,71,BC,Pass,,No,Published,,10,10,18,,,,33,,,,NULL,NULL,NULL,16:04.0,15:35.0,NULL,NULL,NULL,NULL
107,62,5,5,NULL,2021,11612,BTECH_MECHENG_SEM3#2021,3,BTBS301,T2051031612015,5103,0,,,71,71,7.5,4,30,71,BC,Pass,,No,Published,,10,10,20,,,,31,,,,NULL,NULL,NULL,16:04.0,15:35.0,NULL,NULL,NULL,NULL
108,62,5,5,NULL,2021,11612,BTECH_MECHENG_SEM3#2021,3,BTBS301,T2051031612016,5103,0,,,83,83,8.5,4,34,83,AB,Pass,,No,Published,,10,10,20,,,,43,,,,NULL,NULL,NULL,16:04.0,15:35.0,NULL,NULL,NULL,NULL
109,62,5,5,NULL,2021,11612,BTECH_MECHENG_SEM3#2021,3,BTBS301,T2051031612017,5103,0,,,83,83,8.5,4,34,83,AB,Pass,,No,Published,,10,10,20,,,,43,,,,NULL,NULL,NULL,16:04.0,15:35.0,NULL,NULL,NULL,NULL
110,62,5,5,NULL,2021,11612,BTECH_MECHENG_SEM3#2021,3,BTBS301,T2051031612018,5103,0,,,66,66,7,4,28,66,CC,Pass,,No,Published,,10,10,20,,,,26,,,,NULL,NULL,NULL,16:04.0,15:35.0,NULL,NULL,NULL,NULL
111,62,5,5,NULL,2021,11612,BTECH_MECHENG_SEM3#2021,3,BTBS301,T2051031612019,5103,0,,,79,79,8,4,32,79,BB,Pass,,No,Published,,10,9,18,,,,42,,,,NULL,NULL,NULL,16:04.0,15:35.0,NULL,NULL,NULL,NULL
112,62,5,5,NULL,2021,11612,BTECH_MECHENG_SEM3#2021,3,BTBS301,T2051031612020,5103,0,,,77,77,8,4,32,77,BB,Pass,,No,Published,,10,10,18,,,,39,,,,NULL,NULL,NULL,16:04.0,15:35.0,NULL,NULL,NULL,NULL
113,62,5,5,NULL,2021,11612,BTECH_MECHENG_SEM3#2021,3,BTBS301,T2051031612021,5103,0,,,63,63,6.5,4,26,63,CD,Pass,,No,Published,,10,10,16,,,,27,,,,NULL,NULL,NULL,16:04.0,15:35.0,NULL,NULL,NULL,NULL
114,62,5,5,NULL,2021,11612,BTECH_MECHENG_SEM3#2021,3,BTBS301,T2051031612022,5103,0,,,72,72,7.5,4,30,72,BC,Pass,,No,Published,,10,10,16,,,,36,,,,NULL,NULL,NULL,16:04.0,15:35.0,NULL,NULL,NULL,NULL
115,62,5,5,NULL,2021,11612,BTECH_MECHENG_SEM3#2021,3,BTBS301,T2051031612023,5103,0,,,77,77,8,4,32,77,BB,Pass,,No,Published,,10,10,19,,,,38,,,,NULL,NULL,NULL,16:04.0,15:35.0,NULL,NULL,NULL,NULL
116,62,5,5,NULL,2021,11612,BTECH_MECHENG_SEM3#2021,3,BTBS301,T2051031612024,5103,0,,,90,90,9,4,36,90,AA,Pass,,No,Published,,8,8,20,,,,54,,,,NULL,NULL,NULL,16:04.0,15:35.0,NULL,NULL,NULL,NULL
117,62,5,5,NULL,2021,11612,BTECH_MECHENG_SEM3#2021,3,BTBS301,T2051031612025,5103,0,,,85,85,8.5,4,34,85,AB,Pass,,No,Published,,10,10,20,,,,45,,,,NULL,NULL,NULL,16:04.0,15:35.0,NULL,NULL,NULL,NULL
118,62,5,5,NULL,2021,11612,BTECH_MECHENG_SEM3#2021,3,BTBS301,T2051031612026,5103,0,,,84,84,8.5,4,34,84,AB,Pass,,No,Published,,10,10,20,,,,44,,,,NULL,NULL,NULL,16:04.0,15:35.0,NULL,NULL,NULL,NULL
119,62,5,5,NULL,2021,11612,BTECH_MECHENG_SEM3#2021,3,BTBS301,T2051031612027,5103,0,,,70,70,7,4,28,70,CC,Pass,,No,Published,,10,10,20,,,,30,,,,NULL,NULL,NULL,16:04.0,15:35.0,NULL,NULL,NULL,NULL
120,62,5,5,NULL,2021,11612,BTECH_MECHENG_SEM3#2021,3,BTBS301,T2051031612028,5103,0,,,89,89,9,4,36,89,AA,Pass,,No,Published,,10,10,16,,,,53,,,,NULL,NULL,NULL,16:04.0,15:35.0,NULL,NULL,NULL,NULL
121,62,5,5,NULL,2021,11612,BTECH_MECHENG_SEM3#2021,3,BTBS301,T2051031612029,5103,0,,,85,85,8.5,4,34,85,AB,Pass,,No,Published,,10,10,20,,,,45,,,,NULL,NULL,NULL,16:04.0,15:35.0,NULL,NULL,NULL,NULL
122,62,5,5,NULL,2021,11612,BTECH_MECHENG_SEM3#2021,3,BTBS301,T2051031612030,5103,0,,,92,92,10,4,40,92,EX,Pass,,No,Published,,10,10,18,,,,54,,,,NULL,NULL,NULL,16:04.0,15:35.0,NULL,NULL,NULL,NULL
123,62,5,5,NULL,2021,11612,BTECH_MECHENG_SEM3#2021,3,BTBS301,T2051031612032,5103,0,,,73,73,7.5,4,30,73,BC,Pass,,No,Published,,10,10,18,,,,35,,,,NULL,NULL,NULL,16:04.0,15:35.0,NULL,NULL,NULL,NULL
124,62,5,5,NULL,2021,11612,BTECH_MECHENG_SEM3#2021,3,BTBS301,T2051031612033,5103,0,,,71,71,7.5,4,30,71,BC,Pass,,No,Published,,10,10,20,,,,31,,,,NULL,NULL,NULL,16:04.0,15:35.0,NULL,NULL,NULL,NULL
125,62,5,5,NULL,2021,11245,BTECH_CE_SEM3#2021,3,BTBS301,T2051061245001,5106,0,,,70,70,7,4,28,70,CC,Pass,,No,Published,,5,8,12,,,,45,,,,NULL,NULL,NULL,16:04.0,15:35.0,NULL,NULL,NULL,NULL
126,62,5,5,NULL,2021,11245,BTECH_CE_SEM3#2021,3,BTBS301,T2051061245002,5106,0,,,46,46,5,4,20,46,EE,Pass,,No,Published,,5,8,8,,,,25,,,,NULL,NULL,NULL,16:04.0,15:35.0,NULL,NULL,NULL,NULL
127,62,5,5,NULL,2021,11245,BTECH_CE_SEM3#2021,3,BTBS301,T2051061245003,5106,0,,,64,64,6.5,4,26,64,CD,Pass,,No,Published,,6,9,9,,,,40,,,,NULL,NULL,NULL,16:04.0,15:35.0,NULL,NULL,NULL,NULL
128,62,5,5,NULL,2021,11245,BTECH_CE_SEM3#2021,3,BTBS301,T2051061245004,5106,0,,,47,47,5,4,20,47,EE,Pass,,No,Published,,4,8,17,,,,18,,,,NULL,NULL,NULL,16:04.0,15:35.0,NULL,NULL,NULL,NULL
129,62,5,5,NULL,2021,11245,BTECH_CE_SEM3#2021,3,BTBS301,T2051061245005,5106,0,,,68,68,7,4,28,68,CC,Pass,,No,Published,,7,8,12,,,,41,,,,NULL,NULL,NULL,16:04.0,15:35.0,NULL,NULL,NULL,NULL
130,62,5,5,NULL,2021,11245,BTECH_CE_SEM3#2021,3,BTBS301,T2051061245006,5106,0,,,59,59,6,4,24,59,DD,Pass,,No,Published,,7,9,8,,,,35,,,,NULL,NULL,NULL,16:04.0,15:35.0,NULL,NULL,NULL,NULL
131,62,5,5,NULL,2021,11245,BTECH_CE_SEM3#2021,3,BTBS301,T2051061245007,5106,0,,,58,58,6,4,24,58,DD,Pass,,No,Published,,5,8,13,,,,32,,,,NULL,NULL,NULL,16:04.0,15:35.0,NULL,NULL,NULL,NULL
132,62,5,5,NULL,2021,11245,BTECH_CE_SEM3#2021,3,BTBS301,T2051061245008,5106,0,,,50,50,5,4,20,50,EE,Pass,,No,Published,,5,8,9,,,,28,,,,NULL,NULL,NULL,16:04.0,15:35.0,NULL,NULL,NULL,NULL
133,62,5,5,NULL,2021,11245,BTECH_CE_SEM3#2021,3,BTBS301,T2051061245009,5106,0,,,52,52,5.5,4,22,52,DE,Pass,,No,Published,,5,8,11,,,,28,,,,NULL,NULL,NULL,16:04.0,15:35.0,NULL,NULL,NULL,NULL
134,62,5,5,NULL,2021,11245,BTECH_CE_SEM3#2021,3,BTBS301,T2051061245010,5106,0,,,71,71,7.5,4,30,71,BC,Pass,,No,Published,,7,8,14,,,,42,,,,NULL,NULL,NULL,16:04.0,15:35.0,NULL,NULL,NULL,NULL
135,62,5,5,NULL,2021,11245,BTECH_CE_SEM3#2021,3,BTBS301,T2051061245011,5106,0,,,42,42,5,4,20,42,EE,Pass,,No,Published,,6,8,11,,,,17,,,,NULL,NULL,NULL,16:04.0,15:35.0,NULL,NULL,NULL,NULL
136,62,5,5,NULL,2021,11245,BTECH_CE_SEM3#2021,3,BTBS301,T2051061245012,5106,0,,,73,73,7.5,4,30,73,BC,Pass,,No,Published,,7,8,17,,,,41,,,,NULL,NULL,NULL,16:04.0,15:35.0,NULL,NULL,NULL,NULL
137,62,5,5,NULL,2021,11245,BTECH_CE_SEM3#2021,3,BTBS301,T2051061245013,5106,0,,,57,57,6,4,24,57,DD,Pass,,No,Published,,6,8,12,,,,31,,,,NULL,NULL,NULL,16:04.0,15:35.0,NULL,NULL,NULL,NULL
138,62,5,5,NULL,2021,11245,BTECH_CE_SEM3#2021,3,BTBS301,T2051061245014,5106,0,,,68,68,7,4,28,68,CC,Pass,,No,Published,,4,8,15,,,,41,,,,NULL,NULL,NULL,16:04.0,15:35.0,NULL,NULL,NULL,NULL
139,62,5,5,NULL,2021,11245,BTECH_CE_SEM3#2021,3,BTBS301,T2051061245015,5106,0,,,82,82,8.5,4,34,82,AB,Pass,,No,Published,,6,8,20,,,,48,,,,NULL,NULL,NULL,16:04.0,15:35.0,NULL,NULL,NULL,NULL
140,62,5,5,NULL,2021,11245,BTECH_CE_SEM3#2021,3,BTBS301,T2051061245016,5106,0,,,63,63,6.5,4,26,63,CD,Pass,,No,Published,,6,9,20,,,,28,,,,NULL,NULL,NULL,16:04.0,15:35.0,NULL,NULL,NULL,NULL
141,62,5,5,NULL,2021,11245,BTECH_CE_SEM3#2021,3,BTBS301,T2051061245017,5106,0,,,41,41,5,4,20,41,EE,Pass,,No,Published,,5,8,10,,,,18,,,,NULL,NULL,NULL,16:04.0,15:35.0,NULL,NULL,NULL,NULL
142,62,5,5,NULL,2021,11245,BTECH_CE_SEM3#2021,3,BTBS301,T2051061245018,5106,0,,,50,50,5,4,20,50,EE,Pass,,No,Published,,6,9,16,,,,19,,,,NULL,NULL,NULL,16:04.0,15:35.0,NULL,NULL,NULL,NULL
143,62,5,5,NULL,2021,11245,BTECH_CE_SEM3#2021,3,BTBS301,T2051061245019,5106,0,,,67,67,7,4,28,67,CC,Pass,,No,Published,,5,9,8,,,,45,,,,NULL,NULL,NULL,16:04.0,15:35.0,NULL,NULL,NULL,NULL
144,62,5,5,NULL,2021,11245,BTECH_CE_SEM3#2021,3,BTBS301,T2051061245020,5106,0,,,59,59,6,4,24,59,DD,Pass,,No,Published,,5,9,8,,,,37,,,,NULL,NULL,NULL,16:04.0,15:35.0,NULL,NULL,NULL,NULL
145,62,5,5,NULL,2021,11245,BTECH_CE_SEM3#2021,3,BTBS301,T2051061245021,5106,0,,,67,67,7,4,28,67,CC,Pass,,No,Published,,5,9,9,,,,44,,,,NULL,NULL,NULL,16:04.0,15:35.0,NULL,NULL,NULL,NULL
146,62,5,5,NULL,2021,11245,BTECH_CE_SEM3#2021,3,BTBS301,T2051061245022,5106,0,,,65,65,6.5,4,26,65,CD,Pass,,No,Published,,5,9,8,,,,43,,,,NULL,NULL,NULL,16:04.0,15:35.0,NULL,NULL,NULL,NULL
147,62,5,5,NULL,2021,11245,BTECH_CE_SEM3#2021,3,BTBS301,T2051061245023,5106,0,,,61,61,6.5,4,26,61,CD,Pass,,No,Published,,5,9,8,,,,39,,,,NULL,NULL,NULL,16:04.0,15:35.0,NULL,NULL,NULL,NULL
148,62,5,5,NULL,2021,11245,BTECH_CE_SEM3#2021,3,BTBS301,T2051061245024,5106,0,,,64,64,6.5,4,26,64,CD,Pass,,No,Published,,5,8,8,,,,43,,,,NULL,NULL,NULL,16:04.0,15:35.0,NULL,NULL,NULL,NULL
149,62,5,5,NULL,2021,11245,BTECH_CE_SEM3#2021,3,BTBS301,T2051061245025,5106,0,,,70,70,7,4,28,70,CC,Pass,,No,Published,,5,8,12,,,,45,,,,NULL,NULL,NULL,16:04.0,15:35.0,NULL,NULL,NULL,NULL
150,62,5,5,NULL,2021,11245,BTECH_CE_SEM3#2021,3,BTBS301,T2051061245026,5106,0,,,58,58,6,4,24,58,DD,Pass,,No,Published,No,4,8,16,,,,30,,,,NULL,NULL,NULL,16:04.0,15:35.0,NULL,NULL,NULL,NULL
151,62,5,5,NULL,2021,11245,BTECH_CE_SEM3#2021,3,BTBS301,T2051061245027,5106,0,,,52,52,5.5,4,22,52,DE,Pass,,No,Published,,6,9,17,,,,20,,,,NULL,NULL,NULL,16:04.0,15:35.0,NULL,NULL,NULL,NULL
152,62,5,5,NULL,2021,11245,BTECH_CE_SEM3#2021,3,BTBS301,T2051061245028,5106,0,,,69,69,7,4,28,69,CC,Pass,,No,Published,,6,9,12,,,,42,,,,NULL,NULL,NULL,16:04.0,15:35.0,NULL,NULL,NULL,NULL
153,62,5,5,NULL,2021,11245,BTECH_CE_SEM3#2021,3,BTBS301,T2051061245029,5106,0,,,73,73,7.5,4,30,73,BC,Pass,,No,Published,,6,8,20,,,,39,,,,NULL,NULL,NULL,16:04.0,15:35.0,NULL,NULL,NULL,NULL
154,62,5,5,NULL,2021,11245,BTECH_CE_SEM3#2021,3,BTBS301,T2051061245030,5106,0,,,60,60,6,4,24,60,DD,Pass,,No,Published,,6,8,13,,,,33,,,,NULL,NULL,NULL,16:04.0,15:35.0,NULL,NULL,NULL,NULL
155,62,5,5,NULL,2021,11245,BTECH_CE_SEM3#2021,3,BTBS301,T2051061245032,5106,0,,,73,73,7.5,4,30,73,BC,Pass,,No,Published,,6,8,20,,,,39,,,,NULL,NULL,NULL,16:04.0,15:35.0,NULL,NULL,NULL,NULL
156,62,5,5,NULL,2021,11245,BTECH_CE_SEM3#2021,3,BTBS301,T2051061245033,5106,0,,,73,73,7.5,4,30,73,BC,Pass,,No,Published,,6,9,8,,,,50,,,,NULL,NULL,NULL,16:04.0,15:35.0,NULL,NULL,NULL,NULL
157,62,5,5,NULL,2021,11245,BTECH_CE_SEM3#2021,3,BTBS301,T2051061245034,5106,0,,,46,46,5,4,20,46,EE,Pass,,No,Published,,8,8,16,,,,14,,,,NULL,NULL,NULL,16:04.0,15:35.0,NULL,NULL,NULL,NULL
158,62,5,5,NULL,2021,11245,BTECH_CE_SEM3#2021,3,BTBS301,T2051061245035,5106,0,,,63,63,6.5,4,26,63,CD,Pass,,No,Published,,5,9,8,,,,41,,,,NULL,NULL,NULL,16:04.0,15:35.0,NULL,NULL,NULL,NULL
159,62,5,5,NULL,2021,11245,BTECH_CE_SEM3#2021,3,BTBS301,T2051061245036,5106,0,,,48,48,5,4,20,48,EE,Pass,,No,Published,,6,8,13,,,,21,,,,NULL,NULL,NULL,16:04.0,15:35.0,NULL,NULL,NULL,NULL
160,62,5,5,NULL,2021,11245,BTECH_CE_SEM3#2021,3,BTBS301,T2051061245037,5106,0,,,68,68,7,4,28,68,CC,Pass,,No,Published,,6,8,12,,,,42,,,,NULL,NULL,NULL,16:04.0,15:35.0,NULL,NULL,NULL,NULL
161,62,5,5,NULL,2021,11245,BTECH_CE_SEM3#2021,3,BTBS301,T2051061245038,5106,0,,,66,66,7,4,28,66,CC,Pass,,No,Published,,6,8,9,,,,43,,,,NULL,NULL,NULL,16:04.0,15:35.0,NULL,NULL,NULL,NULL
162,62,5,5,NULL,2021,11245,BTECH_CE_SEM3#2021,3,BTBS301,T2051061245039,5106,0,,,48,48,5,4,20,48,EE,Pass,,No,Published,,5,9,8,,,,26,,,,NULL,NULL,NULL,16:04.0,15:35.0,NULL,NULL,NULL,NULL
163,62,5,5,NULL,2021,11245,BTECH_CE_SEM3#2021,3,BTBS301,T2051061245040,5106,0,,,63,63,6.5,4,26,63,CD,Pass,,No,Published,,6,8,17,,,,32,,,,NULL,NULL,NULL,16:04.0,15:35.0,NULL,NULL,NULL,NULL
164,62,5,5,NULL,2021,11245,BTECH_CE_SEM3#2021,3,BTBS301,T2051061245041,5106,0,,,42,42,5,4,20,42,EE,Pass,,No,Published,,4,8,11,,,,19,,,,NULL,NULL,NULL,16:04.0,15:35.0,NULL,NULL,NULL,NULL
165,62,5,5,NULL,2021,11245,BTECH_CE_SEM3#2021,3,BTBS301,T2051061245042,5106,0,,,49,49,5,4,20,49,EE,Pass,,No,Published,,5,9,8,,,,27,,,,NULL,NULL,NULL,16:04.0,15:35.0,NULL,NULL,NULL,NULL
166,62,5,5,NULL,2021,11245,BTECH_CE_SEM3#2021,3,BTBS301,T2051061245043,5106,0,,,40,40,5,4,20,40,EE,Pass,,No,Published,,5,9,8,,,,18,,,,NULL,NULL,NULL,16:04.0,15:35.0,NULL,NULL,NULL,NULL
167,62,5,5,NULL,2021,11245,BTECH_CE_SEM3#2021,3,BTBS301,T2051061245044,5106,0,,,54,54,5.5,4,22,54,DE,Pass,,No,Published,,5,8,10,,,,31,,,,NULL,NULL,NULL,16:04.0,15:35.0,NULL,NULL,NULL,NULL
168,62,5,5,NULL,2021,11245,BTECH_CE_SEM3#2021,3,BTBS301,T2051061245045,5106,3,-,,37,40,5,4,20,40,EE,Pass,Ordinance 1,No,Published,,5,8,11,,,,13,,,,NULL,NULL,NULL,16:04.0,15:35.0,NULL,NULL,NULL,NULL
169,62,5,5,NULL,2021,11245,BTECH_CE_SEM3#2021,3,BTBS301,T2051061245046,5106,0,,,53,53,5.5,4,22,53,DE,Pass,,No,Published,,5,9,8,,,,31,,,,NULL,NULL,NULL,16:04.0,15:35.0,NULL,NULL,NULL,NULL
170,62,5,5,NULL,2021,11245,BTECH_CE_SEM3#2021,3,BTBS301,T2051061245047,5106,0,,,72,72,7.5,4,30,72,BC,Pass,,No,Published,,9,8,17,,,,38,,,,NULL,NULL,NULL,16:04.0,15:35.0,NULL,NULL,NULL,NULL
171,62,5,5,NULL,2021,11245,BTECH_CE_SEM3#2021,3,BTBS301,T2051061245048,5106,0,,,45,45,5,4,20,45,EE,Pass,,No,Published,,4,9,8,,,,24,,,,NULL,NULL,NULL,16:04.0,15:35.0,NULL,NULL,NULL,NULL
172,62,5,5,NULL,2021,11293,BTECH_ELEENG_SEM3#2021,3,BTBS301,T2051061293001,5106,0,,,80,80,8,4,32,80,BB,Pass,,No,Published,,8,7,18,,,,47,,,,NULL,NULL,NULL,16:04.0,15:35.0,NULL,NULL,NULL,NULL
173,62,5,5,NULL,2021,11293,BTECH_ELEENG_SEM3#2021,3,BTBS301,T2051061293002,5106,0,,,78,78,8,4,32,78,BB,Pass,,No,Published,,7,8,15,,,,48,,,,NULL,NULL,NULL,16:04.0,15:35.0,NULL,NULL,NULL,NULL
174,62,5,5,NULL,2021,11293,BTECH_ELEENG_SEM3#2021,3,BTBS301,T2051061293003,5106,0,,,75,75,7.5,4,30,75,BC,Pass,,No,Published,,7,7,15,,,,46,,,,NULL,NULL,NULL,16:04.0,15:35.0,NULL,NULL,NULL,NULL
175,62,5,5,NULL,2021,11293,BTECH_ELEENG_SEM3#2021,3,BTBS301,T2051061293004,5106,0,,,67,67,7,4,28,67,CC,Pass,,No,Published,,8,8,14,,,,37,,,,NULL,NULL,NULL,16:04.0,15:35.0,NULL,NULL,NULL,NULL
176,62,5,5,NULL,2021,11293,BTECH_ELEENG_SEM3#2021,3,BTBS301,T2051061293005,5106,0,,,65,65,6.5,4,26,65,CD,Pass,,No,Published,,7,6,15,,,,37,,,,NULL,NULL,NULL,16:04.0,15:35.0,NULL,NULL,NULL,NULL
177,62,5,5,NULL,2021,11293,BTECH_ELEENG_SEM3#2021,3,BTBS301,T2051061293006,5106,0,,,73,73,7.5,4,30,73,BC,Pass,,No,Published,,9,7,15,,,,42,,,,NULL,NULL,NULL,16:04.0,15:35.0,NULL,NULL,NULL,NULL
178,62,5,5,NULL,2021,11293,BTECH_ELEENG_SEM3#2021,3,BTBS301,T2051061293007,5106,0,,,62,62,6.5,4,26,62,CD,Pass,,No,Published,,8,7,15,,,,32,,,,NULL,NULL,NULL,16:04.0,15:35.0,NULL,NULL,NULL,NULL
179,62,5,5,NULL,2021,11293,BTECH_ELEENG_SEM3#2021,3,BTBS301,T2051061293008,5106,0,,,77,77,8,4,32,77,BB,Pass,,No,Published,,9,7,16,,,,45,,,,NULL,NULL,NULL,16:04.0,15:35.0,NULL,NULL,NULL,NULL
180,62,5,5,NULL,2021,11293,BTECH_ELEENG_SEM3#2021,3,BTBS301,T2051061293009,5106,0,,,60,60,6,4,24,60,DD,Pass,,No,Published,,8,4,8,,,,40,,,,NULL,NULL,NULL,16:04.0,15:35.0,NULL,NULL,NULL,NULL
181,62,5,5,NULL,2021,11293,BTECH_ELEENG_SEM3#2021,3,BTBS301,T2051061293010,5106,0,,,64,64,6.5,4,26,64,CD,Pass,,No,Published,,7,7,8,,,,42,,,,NULL,NULL,NULL,16:04.0,15:35.0,NULL,NULL,NULL,NULL
182,62,5,5,NULL,2021,11293,BTECH_ELEENG_SEM3#2021,3,BTBS301,T2051061293011,5106,0,,,61,61,6.5,4,26,61,CD,Pass,,No,Published,,7,8,8,,,,38,,,,NULL,NULL,NULL,16:04.0,15:35.0,NULL,NULL,NULL,NULL
183,62,5,5,NULL,2021,11372,BTECH_ENTCENG_SEM3#2021,3,BTBS301,T2051061372002,5106,0,,,55,55,5.5,4,22,55,DE,Pass,,No,Published,,4,9,7,,,,35,,,,NULL,NULL,NULL,16:04.0,15:35.0,NULL,NULL,NULL,NULL
184,62,5,5,NULL,2021,11372,BTECH_ENTCENG_SEM3#2021,3,BTBS301,T2051061372003,5106,0,,,55,55,5.5,4,22,55,DE,Pass,,No,Published,,4,8,8,,,,35,,,,NULL,NULL,NULL,16:04.0,15:35.0,NULL,NULL,NULL,NULL
185,62,5,5,NULL,2021,11372,BTECH_ENTCENG_SEM3#2021,3,BTBS301,T2051061372004,5106,0,,,47,47,5,4,20,47,EE,Pass,,No,Published,,5,8,10,,,,24,,,,NULL,NULL,NULL,16:04.0,15:35.0,NULL,NULL,NULL,NULL
186,62,5,5,NULL,2021,11372,BTECH_ENTCENG_SEM3#2021,3,BTBS301,T2051061372005,5106,0,,,55,55,5.5,4,22,55,DE,Pass,,No,Published,,4,9,8,,,,34,,,,NULL,NULL,NULL,16:04.0,15:35.0,NULL,NULL,NULL,NULL
187,62,5,5,NULL,2021,11372,BTECH_ENTCENG_SEM3#2021,3,BTBS301,T2051061372006,5106,0,,,84,84,8.5,4,34,84,AB,Pass,,No,Published,,8,10,16,,,,50,,,,NULL,NULL,NULL,16:04.0,15:35.0,NULL,NULL,NULL,NULL
188,62,5,5,NULL,2021,11372,BTECH_ENTCENG_SEM3#2021,3,BTBS301,T2051061372007,5106,0,,,56,56,6,4,24,56,DD,Pass,,No,Published,,4,8,8,,,,36,,,,NULL,NULL,NULL,16:04.0,15:35.0,NULL,NULL,NULL,NULL
189,62,5,5,NULL,2021,11372,BTECH_ENTCENG_SEM3#2021,3,BTBS301,T2051061372008,5106,0,,,68,68,7,4,28,68,CC,Pass,,No,Published,,8,8,16,,,,36,,,,NULL,NULL,NULL,16:04.0,15:35.0,NULL,NULL,NULL,NULL
190,62,5,5,NULL,2021,11372,BTECH_ENTCENG_SEM3#2021,3,BTBS301,T2051061372009,5106,0,,,58,58,6,4,24,58,DD,Pass,,No,Published,,4,8,8,,,,38,,,,NULL,NULL,NULL,16:04.0,15:35.0,NULL,NULL,NULL,NULL
191,62,5,5,NULL,2021,11372,BTECH_ENTCENG_SEM3#2021,3,BTBS301,T2051061372010,5106,0,,,52,52,5.5,4,22,52,DE,Pass,,No,Published,,5,10,10,,,,27,,,,NULL,NULL,NULL,16:04.0,15:35.0,NULL,NULL,NULL,NULL
192,62,5,5,NULL,2021,11372,BTECH_ENTCENG_SEM3#2021,3,BTBS301,T2051061372011,5106,0,,,63,63,6.5,4,26,63,CD,Pass,,No,Published,,5,9,10,,,,39,,,,NULL,NULL,NULL,16:04.0,15:35.0,NULL,NULL,NULL,NULL
193,62,5,5,NULL,2021,11612,BTECH_MECHENG_SEM3#2021,3,BTBS301,T2051061612002,5106,0,,,51,51,5.5,4,22,51,DE,Pass,,No,Published,,8,7,15,,,,21,,,,NULL,NULL,NULL,16:04.0,15:35.0,NULL,NULL,NULL,NULL
194,62,5,5,NULL,2021,11612,BTECH_MECHENG_SEM3#2021,3,BTBS301,T2051061612004,5106,0,,,73,73,7.5,4,30,73,BC,Pass,,No,Published,,8,8,16,,,,41,,,,NULL,NULL,NULL,16:04.0,15:35.0,NULL,NULL,NULL,NULL
195,62,5,5,NULL,2021,11612,BTECH_MECHENG_SEM3#2021,3,BTBS301,T2051061612005,5106,0,,,58,58,6,4,24,58,DD,Pass,,No,Published,,8,7,16,,,,27,,,,NULL,NULL,NULL,16:04.0,15:35.0,NULL,NULL,NULL,NULL
196,62,5,5,NULL,2021,11612,BTECH_MECHENG_SEM3#2021,3,BTBS301,T2051061612006,5106,0,,,53,53,5.5,4,22,53,DE,Pass,,No,Published,,7,8,15,,,,23,,,,NULL,NULL,NULL,16:04.0,15:35.0,NULL,NULL,NULL,NULL
197,62,5,5,NULL,2021,11612,BTECH_MECHENG_SEM3#2021,3,BTBS301,T2051061612008,5106,0,,,75,75,7.5,4,30,75,BC,Pass,,No,Published,,9,8,17,,,,41,,,,NULL,NULL,NULL,16:04.0,15:35.0,NULL,NULL,NULL,NULL
198,62,5,5,NULL,2021,11612,BTECH_MECHENG_SEM3#2021,3,BTBS301,T2051061612009,5106,0,,,56,56,6,4,24,56,DD,Pass,,No,Published,,8,7,16,,,,25,,,,NULL,NULL,NULL,16:04.0,15:35.0,NULL,NULL,NULL,NULL
199,62,5,5,NULL,2021,11612,BTECH_MECHENG_SEM3#2021,3,BTBS301,T2051061612011,5106,0,,,70,70,7,4,28,70,CC,Pass,,No,Published,,9,8,16,,,,37,,,,NULL,NULL,NULL,16:04.0,15:35.0,NULL,NULL,NULL,NULL
200,62,5,5,NULL,2021,11612,BTECH_MECHENG_SEM3#2021,3,BTBS301,T2051061612012,5106,0,,,74,74,7.5,4,30,74,BC,Pass,,No,Published,,8,9,17,,,,40,,,,NULL,NULL,NULL,16:04.0,15:35.0,NULL,NULL,NULL,NULL
201,62,5,5,NULL,2021,11612,BTECH_MECHENG_SEM3#2021,3,BTBS301,T2051061612013,5106,0,,,46,46,5,4,20,46,EE,Pass,,No,Published,,8,8,17,,,,13,,,,NULL,NULL,NULL,16:04.0,15:35.0,NULL,NULL,NULL,NULL
202,62,5,5,NULL,2021,11191,BTECH_CIVILENG_SEM3#2021,3,BTBS301,T2051641191001,5164,0,,,70,70,7,4,28,70,CC,Pass,,No,Published,,10,9,19,,,,32,,,,NULL,NULL,NULL,16:04.0,15:35.0,NULL,NULL,NULL,NULL
203,62,5,5,NULL,2021,11191,BTECH_CIVILENG_SEM3#2021,3,BTBS301,T2051641191002,5164,0,,,79,79,8,4,32,79,BB,Pass,,No,Published,,10,10,20,,,,39,,,,NULL,NULL,NULL,16:04.0,15:35.0,NULL,NULL,NULL,NULL
204,62,5,5,NULL,2021,11191,BTECH_CIVILENG_SEM3#2021,3,BTBS301,T2051641191003,5164,0,,,59,59,6,4,24,59,DD,Pass,,No,Published,,10,9,19,,,,21,,,,NULL,NULL,NULL,16:04.0,15:35.0,NULL,NULL,NULL,NULL
205,62,5,5,NULL,2021,11191,BTECH_CIVILENG_SEM3#2021,3,BTBS301,T2051641191004,5164,0,,,59,59,6,4,24,59,DD,Pass,,No,Published,,10,9,19,,,,21,,,,NULL,NULL,NULL,16:04.0,15:35.0,NULL,NULL,NULL,NULL
206,62,5,5,NULL,2021,11191,BTECH_CIVILENG_SEM3#2021,3,BTBS301,T2051641191005,5164,0,,,76,76,8,4,32,76,BB,Pass,,No,Published,,10,10,20,,,,36,,,,NULL,NULL,NULL,16:04.0,15:35.0,NULL,NULL,NULL,NULL
207,62,5,5,NULL,2021,11191,BTECH_CIVILENG_SEM3#2021,3,BTBS301,T2051641191006,5164,0,,,71,71,7.5,4,30,71,BC,Pass,,No,Published,,10,9,18,,,,34,,,,NULL,NULL,NULL,16:04.0,15:35.0,NULL,NULL,NULL,NULL
208,62,5,5,NULL,2021,11191,BTECH_CIVILENG_SEM3#2021,3,BTBS301,T2051641191007,5164,0,,,77,77,8,4,32,77,BB,Pass,,No,Published,,10,10,20,,,,37,,,,NULL,NULL,NULL,16:04.0,15:35.0,NULL,NULL,NULL,NULL
209,62,5,5,NULL,2021,11191,BTECH_CIVILENG_SEM3#2021,3,BTBS301,T2051641191008,5164,0,,,82,82,8.5,4,34,82,AB,Pass,,No,Published,,10,10,20,,,,42,,,,NULL,NULL,NULL,16:04.0,15:35.0,NULL,NULL,NULL,NULL
210,62,5,5,NULL,2021,11191,BTECH_CIVILENG_SEM3#2021,3,BTBS301,T2051641191009,5164,0,,,61,61,6.5,4,26,61,CD,Pass,,No,Published,,9,8,19,,,,25,,,,NULL,NULL,NULL,16:04.0,15:35.0,NULL,NULL,NULL,NULL
211,62,5,5,NULL,2021,11191,BTECH_CIVILENG_SEM3#2021,3,BTBS301,T2051641191010,5164,0,,,64,64,6.5,4,26,64,CD,Pass,,No,Published,,10,10,20,,,,24,,,,NULL,NULL,NULL,16:04.0,15:35.0,NULL,NULL,NULL,NULL
212,62,5,5,NULL,2021,11191,BTECH_CIVILENG_SEM3#2021,3,BTBS301,T2051641191011,5164,0,,,55,55,5.5,4,22,55,DE,Pass,,No,Published,,10,10,18,,,,17,,,,NULL,NULL,NULL,16:04.0,15:35.0,NULL,NULL,NULL,NULL
213,62,5,5,NULL,2021,11191,BTECH_CIVILENG_SEM3#2021,3,BTBS301,T2051641191012,5164,0,,,86,86,9,4,36,86,AA,Pass,,No,Published,,10,10,20,,,,46,,,,NULL,NULL,NULL,16:04.0,15:35.0,NULL,NULL,NULL,NULL
214,62,5,5,NULL,2021,11191,BTECH_CIVILENG_SEM3#2021,3,BTBS301,T2051641191013,5164,0,,,72,72,7.5,4,30,72,BC,Pass,,No,Published,,10,10,20,,,,32,,,,NULL,NULL,NULL,16:04.0,15:35.0,NULL,NULL,NULL,NULL
215,62,5,5,NULL,2021,11245,BTECH_CE_SEM3#2021,3,BTBS301,T2051641191014,5164,0,,,85,85,8.5,4,34,85,AB,Pass,,No,Published,,10,10,20,,,,45,,,,NULL,NULL,NULL,16:04.0,15:35.0,NULL,NULL,NULL,NULL
216,62,5,5,NULL,2021,11191,BTECH_CIVILENG_SEM3#2021,3,BTBS301,T2051641191015,5164,0,,,80,80,8,4,32,80,BB,Pass,,No,Published,,10,10,20,,,,40,,,,NULL,NULL,NULL,16:04.0,15:35.0,NULL,NULL,NULL,NULL
217,62,5,5,NULL,2021,11191,BTECH_CIVILENG_SEM3#2021,3,BTBS301,T2051641191016,5164,0,,,72,72,7.5,4,30,72,BC,Pass,,No,Published,,10,10,18,,,,34,,,,NULL,NULL,NULL,16:04.0,15:35.0,NULL,NULL,NULL,NULL
218,62,5,5,NULL,2021,11191,BTECH_CIVILENG_SEM3#2021,3,BTBS301,T2051641191017,5164,0,,,74,74,7.5,4,30,74,BC,Pass,,No,Published,,10,10,20,,,,34,,,,NULL,NULL,NULL,16:04.0,15:35.0,NULL,NULL,NULL,NULL
219,62,5,5,NULL,2021,11191,BTECH_CIVILENG_SEM3#2021,3,BTBS301,T2051641191018,5164,0,,,63,63,6.5,4,26,63,CD,Pass,,No,Published,,10,10,20,,,,23,,,,NULL,NULL,NULL,16:04.0,15:35.0,NULL,NULL,NULL,NULL
220,62,5,5,NULL,2021,11191,BTECH_CIVILENG_SEM3#2021,3,BTBS301,T2051641191019,5164,0,,,71,71,7.5,4,30,71,BC,Pass,,No,Published,,10,9,18,,,,34,,,,NULL,NULL,NULL,16:04.0,15:35.0,NULL,NULL,NULL,NULL
221,62,5,5,NULL,2021,11191,BTECH_CIVILENG_SEM3#2021,3,BTBS301,T2051641191020,5164,0,,,73,73,7.5,4,30,73,BC,Pass,,No,Published,,10,10,20,,,,33,,,,NULL,NULL,NULL,16:04.0,15:35.0,NULL,NULL,NULL,NULL
222,62,5,5,NULL,2021,11245,BTECH_CE_SEM3#2021,3,BTBS301,T2051641245001,5164,0,,,78,78,8,4,32,78,BB,Pass,,No,Published,,10,10,20,,,,38,,,,NULL,NULL,NULL,16:04.0,15:35.0,NULL,NULL,NULL,NULL
223,62,5,5,NULL,2021,11245,BTECH_CE_SEM3#2021,3,BTBS301,T2051641245002,5164,0,,,87,87,9,4,36,87,AA,Pass,,No,Published,,9,9,18,,,,51,,,,NULL,NULL,NULL,16:04.0,15:35.0,NULL,NULL,NULL,NULL
224,62,5,5,NULL,2021,11245,BTECH_CE_SEM3#2021,3,BTBS301,T2051641245003,5164,0,,,69,69,7,4,28,69,CC,Pass,,No,Published,,10,10,20,,,,29,,,,NULL,NULL,NULL,16:04.0,15:35.0,NULL,NULL,NULL,NULL
225,62,5,5,NULL,2021,11245,BTECH_CE_SEM3#2021,3,BTBS301,T2051641245004,5164,0,,,64,64,6.5,4,26,64,CD,Pass,,No,Published,,8,10,20,,,,26,,,,NULL,NULL,NULL,16:04.0,15:35.0,NULL,NULL,NULL,NULL
226,62,5,5,NULL,2021,11245,BTECH_CE_SEM3#2021,3,BTBS301,T2051641245005,5164,0,,,72,72,7.5,4,30,72,BC,Pass,,No,Published,,10,10,19,,,,33,,,,NULL,NULL,NULL,16:04.0,15:35.0,NULL,NULL,NULL,NULL
227,62,5,5,NULL,2021,11245,BTECH_CE_SEM3#2021,3,BTBS301,T2051641245006,5164,0,,,81,81,8.5,4,34,81,AB,Pass,,No,Published,,10,10,20,,,,41,,,,NULL,NULL,NULL,16:04.0,15:35.0,NULL,NULL,NULL,NULL
228,62,5,5,NULL,2021,11245,BTECH_CE_SEM3#2021,3,BTBS301,T2051641245007,5164,0,,,80,80,8,4,32,80,BB,Pass,,No,Published,,10,10,20,,,,40,,,,NULL,NULL,NULL,16:04.0,15:35.0,NULL,NULL,NULL,NULL
229,62,5,5,NULL,2021,11245,BTECH_CE_SEM3#2021,3,BTBS301,T2051641245008,5164,0,,,69,69,7,4,28,69,CC,Pass,,No,Published,,10,10,18,,,,31,,,,NULL,NULL,NULL,16:04.0,15:35.0,NULL,NULL,NULL,NULL
230,62,5,5,NULL,2021,11245,BTECH_CE_SEM3#2021,3,BTBS301,T2051641245009,5164,0,,,76,76,8,4,32,76,BB,Pass,,No,Published,,10,3,20,,,,43,,,,NULL,NULL,NULL,16:04.0,15:35.0,NULL,NULL,NULL,NULL
231,62,5,5,NULL,2021,11466,BTECH_INSTRUENG_SEM3#2021,3,BTBS301,T2051641245010,5164,0,,,65,65,6.5,4,26,65,CD,Pass,,No,Published,,10,10,20,,,,25,,,,NULL,NULL,NULL,16:04.0,15:35.0,NULL,NULL,NULL,NULL
232,62,5,5,NULL,2021,11245,BTECH_CE_SEM3#2021,3,BTBS301,T2051641245011,5164,0,,,77,77,8,4,32,77,BB,Pass,,No,Published,,10,10,20,,,,37,,,,NULL,NULL,NULL,16:04.0,15:35.0,NULL,NULL,NULL,NULL
233,62,5,5,NULL,2021,11245,BTECH_CE_SEM3#2021,3,BTBS301,T2051641245012,5164,0,,,79,79,8,4,32,79,BB,Pass,,No,Published,,10,10,20,,,,39,,,,NULL,NULL,NULL,16:04.0,15:35.0,NULL,NULL,NULL,NULL
234,62,5,5,NULL,2021,11245,BTECH_CE_SEM3#2021,3,BTBS301,T2051641245013,5164,0,,,75,75,7.5,4,30,75,BC,Pass,,No,Published,,10,8,20,,,,37,,,,NULL,NULL,NULL,16:04.0,15:35.0,NULL,NULL,NULL,NULL
235,62,5,5,NULL,2021,11245,BTECH_CE_SEM3#2021,3,BTBS301,T2051641245014,5164,0,,,81,81,8.5,4,34,81,AB,Pass,,No,Published,,10,10,20,,,,41,,,,NULL,NULL,NULL,16:04.0,15:35.0,NULL,NULL,NULL,NULL
236,62,5,5,NULL,2021,11245,BTECH_CE_SEM3#2021,3,BTBS301,T2051641245015,5164,0,,,74,74,7.5,4,30,74,BC,Pass,,No,Published,,10,10,20,,,,34,,,,NULL,NULL,NULL,16:04.0,15:35.0,NULL,NULL,NULL,NULL
237,62,5,5,NULL,2021,11245,BTECH_CE_SEM3#2021,3,BTBS301,T2051641245016,5164,0,,,82,82,8.5,4,34,82,AB,Pass,,No,Published,,10,10,20,,,,42,,,,NULL,NULL,NULL,16:04.0,15:35.0,NULL,NULL,NULL,NULL
238,62,5,5,NULL,2021,11245,BTECH_CE_SEM3#2021,3,BTBS301,T2051641245017,5164,0,,,90,90,9,4,36,90,AA,Pass,,No,Published,,9,10,20,,,,51,,,,NULL,NULL,NULL,16:04.0,15:35.0,NULL,NULL,NULL,NULL
239,62,5,5,NULL,2021,11245,BTECH_CE_SEM3#2021,3,BTBS301,T2051641245018,5164,0,,,50,50,5,4,20,50,EE,Pass,,No,Published,,10,4,18,,,,18,,,,NULL,NULL,NULL,16:04.0,15:35.0,NULL,NULL,NULL,NULL
240,62,5,5,NULL,2021,11245,BTECH_CE_SEM3#2021,3,BTBS301,T2051641245019,5164,0,,,69,69,7,4,28,69,CC,Pass,,No,Published,,8,8,16,,,,37,,,,NULL,NULL,NULL,16:04.0,15:35.0,NULL,NULL,NULL,NULL
241,62,5,5,NULL,2021,11245,BTECH_CE_SEM3#2021,3,BTBS301,T2051641245020,5164,0,,,82,82,8.5,4,34,82,AB,Pass,,No,Published,,10,10,20,,,,42,,,,NULL,NULL,NULL,16:04.0,15:35.0,NULL,NULL,NULL,NULL
242,62,5,5,NULL,2021,11245,BTECH_CE_SEM3#2021,3,BTBS301,T2051641245021,5164,0,,,62,62,6.5,4,26,62,CD,Pass,,No,Published,,8,3,20,,,,31,,,,NULL,NULL,NULL,16:04.0,15:35.0,NULL,NULL,NULL,NULL
243,62,5,5,NULL,2021,11245,BTECH_CE_SEM3#2021,3,BTBS301,T2051641245022,5164,0,,,72,72,7.5,4,30,72,BC,Pass,,No,Published,,10,10,17,,,,35,,,,NULL,NULL,NULL,16:04.0,15:35.0,NULL,NULL,NULL,NULL
244,62,5,5,NULL,2021,11245,BTECH_CE_SEM3#2021,3,BTBS301,T2051641245023,5164,0,,,83,83,8.5,4,34,83,AB,Pass,,No,Published,,10,10,20,,,,43,,,,NULL,NULL,NULL,16:04.0,15:35.0,NULL,NULL,NULL,NULL
245,62,5,5,NULL,2021,11245,BTECH_CE_SEM3#2021,3,BTBS301,T2051641245024,5164,0,,,80,80,8,4,32,80,BB,Pass,,No,Published,,10,10,18,,,,42,,,,NULL,NULL,NULL,16:04.0,15:35.0,NULL,NULL,NULL,NULL
246,62,5,5,NULL,2021,11245,BTECH_CE_SEM3#2021,3,BTBS301,T2051641245025,5164,0,,,60,60,6,4,24,60,DD,Pass,,No,Published,,10,10,18,,,,22,,,,NULL,NULL,NULL,16:04.0,15:35.0,NULL,NULL,NULL,NULL
247,62,5,5,NULL,2021,11245,BTECH_CE_SEM3#2021,3,BTBS301,T2051641245026,5164,0,,,85,85,8.5,4,34,85,AB,Pass,,No,Published,,10,10,20,,,,45,,,,NULL,NULL,NULL,16:04.0,15:35.0,NULL,NULL,NULL,NULL
248,62,5,5,NULL,2021,11245,BTECH_CE_SEM3#2021,3,BTBS301,T2051641245027,5164,0,,,80,80,8,4,32,80,BB,Pass,,No,Published,,10,9,18,,,,43,,,,NULL,NULL,NULL,16:04.0,15:35.0,NULL,NULL,NULL,NULL
249,62,5,5,NULL,2021,11245,BTECH_CE_SEM3#2021,3,BTBS301,T2051641245028,5164,0,,,80,80,8,4,32,80,BB,Pass,,No,Published,,10,10,20,,,,40,,,,NULL,NULL,NULL,16:04.0,15:35.0,NULL,NULL,NULL,NULL
250,62,5,5,NULL,2021,11245,BTECH_CE_SEM3#2021,3,BTBS301,T2051641245029,5164,0,,,78,78,8,4,32,78,BB,Pass,,No,Published,,10,9,20,,,,39,,,,NULL,NULL,NULL,16:04.0,15:35.0,NULL,NULL,NULL,NULL
251,62,5,5,NULL,2021,11245,BTECH_CE_SEM3#2021,3,BTBS301,T2051641245030,5164,0,,,82,82,8.5,4,34,82,AB,Pass,,No,Published,,10,10,20,,,,42,,,,NULL,NULL,NULL,16:04.0,15:35.0,NULL,NULL,NULL,NULL
252,62,5,5,NULL,2021,11245,BTECH_CE_SEM3#2021,3,BTBS301,T2051641245031,5164,0,,,75,75,7.5,4,30,75,BC,Pass,,No,Published,,10,10,20,,,,35,,,,NULL,NULL,NULL,16:04.0,15:35.0,NULL,NULL,NULL,NULL
253,62,5,5,NULL,2021,11245,BTECH_CE_SEM3#2021,3,BTBS301,T2051641245032,5164,0,,,81,81,8.5,4,34,81,AB,Pass,,No,Published,,9,10,20,,,,42,,,,NULL,NULL,NULL,16:04.0,15:35.0,NULL,NULL,NULL,NULL
254,62,5,5,NULL,2021,11245,BTECH_CE_SEM3#2021,3,BTBS301,T2051641245033,5164,0,,,69,69,7,4,28,69,CC,Pass,,No,Published,,10,9,18,,,,32,,,,NULL,NULL,NULL,16:04.0,15:35.0,NULL,NULL,NULL,NULL
255,62,5,5,NULL,2021,11245,BTECH_CE_SEM3#2021,3,BTBS301,T2051641245034,5164,0,,,79,79,8,4,32,79,BB,Pass,,No,Published,,10,10,20,,,,39,,,,NULL,NULL,NULL,16:04.0,15:35.0,NULL,NULL,NULL,NULL
256,62,5,5,NULL,2021,11245,BTECH_CE_SEM3#2021,3,BTBS301,T2051641245035,5164,0,,,74,74,7.5,4,30,74,BC,Pass,,No,Published,,10,10,18,,,,36,,,,NULL,NULL,NULL,16:04.0,15:35.0,NULL,NULL,NULL,NULL
257,62,5,5,NULL,2021,11245,BTECH_CE_SEM3#2021,3,BTBS301,T2051641245036,5164,0,,,86,86,9,4,36,86,AA,Pass,,No,Published,,10,9,18,,,,49,,,,NULL,NULL,NULL,16:04.0,15:35.0,NULL,NULL,NULL,NULL
258,62,5,5,NULL,2021,11245,BTECH_CE_SEM3#2021,3,BTBS301,T2051641245037,5164,0,,,93,93,10,4,40,93,EX,Pass,,No,Published,,10,10,19,,,,54,,,,NULL,NULL,NULL,16:04.0,15:35.0,NULL,NULL,NULL,NULL
259,62,5,5,NULL,2021,11245,BTECH_CE_SEM3#2021,3,BTBS301,T2051641245038,5164,0,,,84,84,8.5,4,34,84,AB,Pass,,No,Published,,10,9,20,,,,45,,,,NULL,NULL,NULL,16:04.0,15:35.0,NULL,NULL,NULL,NULL
260,62,5,5,NULL,2021,11245,BTECH_CE_SEM3#2021,3,BTBS301,T2051641245039,5164,0,,,85,85,8.5,4,34,85,AB,Pass,,No,Published,,10,10,20,,,,45,,,,NULL,NULL,NULL,16:04.0,15:35.0,NULL,NULL,NULL,NULL
261,62,5,5,NULL,2021,11245,BTECH_CE_SEM3#2021,3,BTBS301,T2051641245040,5164,0,,,74,74,7.5,4,30,74,BC,Pass,,No,Published,,10,10,20,,,,34,,,,NULL,NULL,NULL,16:04.0,15:35.0,NULL,NULL,NULL,NULL
262,62,5,5,NULL,2021,11245,BTECH_CE_SEM3#2021,3,BTBS301,T2051641245041,5164,0,,,75,75,7.5,4,30,75,BC,Pass,,No,Published,,10,10,20,,,,35,,,,NULL,NULL,NULL,16:04.0,15:35.0,NULL,NULL,NULL,NULL
263,62,5,5,NULL,2021,11245,BTECH_CE_SEM3#2021,3,BTBS301,T2051641245042,5164,0,,,80,80,8,4,32,80,BB,Pass,,No,Published,,10,10,18,,,,42,,,,NULL,NULL,NULL,16:04.0,15:35.0,NULL,NULL,NULL,NULL
264,62,5,5,NULL,2021,11245,BTECH_CE_SEM3#2021,3,BTBS301,T2051641245043,5164,0,,,77,77,8,4,32,77,BB,Pass,,No,Published,,10,10,18,,,,39,,,,NULL,NULL,NULL,16:04.0,15:35.0,NULL,NULL,NULL,NULL
265,62,5,5,NULL,2021,11245,BTECH_CE_SEM3#2021,3,BTBS301,T2051641245044,5164,0,,,77,77,8,4,32,77,BB,Pass,,No,Published,,10,9,20,,,,38,,,,NULL,NULL,NULL,16:04.0,15:35.0,NULL,NULL,NULL,NULL
266,62,5,5,NULL,2021,11245,BTECH_CE_SEM3#2021,3,BTBS301,T2051641245045,5164,0,,,82,82,8.5,4,34,82,AB,Pass,,No,Published,,10,10,20,,,,42,,,,NULL,NULL,NULL,16:04.0,15:35.0,NULL,NULL,NULL,NULL
267,62,5,5,NULL,2021,11245,BTECH_CE_SEM3#2021,3,BTBS301,T2051641245046,5164,0,,,66,66,7,4,28,66,CC,Pass,,No,Published,,9,7,20,,,,30,,,,NULL,NULL,NULL,16:04.0,15:35.0,NULL,NULL,NULL,NULL
268,62,5,5,NULL,2021,11245,BTECH_CE_SEM3#2021,3,BTBS301,T2051641245047,5164,0,,,73,73,7.5,4,30,73,BC,Pass,,No,Published,,10,10,20,,,,33,,,,NULL,NULL,NULL,16:04.0,15:35.0,NULL,NULL,NULL,NULL
269,62,5,5,NULL,2021,11245,BTECH_CE_SEM3#2021,3,BTBS301,T2051641245048,5164,0,,,77,77,8,4,32,77,BB,Pass,,No,Published,,10,10,18,,,,39,,,,NULL,NULL,NULL,16:04.0,15:35.0,NULL,NULL,NULL,NULL
270,62,5,5,NULL,2021,11245,BTECH_CE_SEM3#2021,3,BTBS301,T2051641245049,5164,0,,,74,74,7.5,4,30,74,BC,Pass,,No,Published,,10,9,20,,,,35,,,,NULL,NULL,NULL,16:04.0,15:35.0,NULL,NULL,NULL,NULL
271,62,5,5,NULL,2021,11245,BTECH_CE_SEM3#2021,3,BTBS301,T2051641245050,5164,0,,,74,74,7.5,4,30,74,BC,Pass,,No,Published,,9,10,20,,,,35,,,,NULL,NULL,NULL,16:04.0,15:35.0,NULL,NULL,NULL,NULL
272,62,5,5,NULL,2021,11245,BTECH_CE_SEM3#2021,3,BTBS301,T2051641245051,5164,0,,,83,83,8.5,4,34,83,AB,Pass,,No,Published,,8,10,20,,,,45,,,,NULL,NULL,NULL,16:04.0,15:35.0,NULL,NULL,NULL,NULL
273,62,5,5,NULL,2021,11245,BTECH_CE_SEM3#2021,3,BTBS301,T2051641245052,5164,0,,,95,95,10,4,40,95,EX,Pass,,No,Published,,10,10,20,,,,55,,,,NULL,NULL,NULL,16:04.0,15:35.0,NULL,NULL,NULL,NULL
274,62,5,5,NULL,2021,11245,BTECH_CE_SEM3#2021,3,BTBS301,T2051641245053,5164,0,,,82,82,8.5,4,34,82,AB,Pass,,No,Published,,10,9,20,,,,43,,,,NULL,NULL,NULL,16:04.0,15:35.0,NULL,NULL,NULL,NULL
275,62,5,5,NULL,2021,11245,BTECH_CE_SEM3#2021,3,BTBS301,T2051641245054,5164,0,,,83,83,8.5,4,34,83,AB,Pass,,No,Published,,10,8,20,,,,45,,,,NULL,NULL,NULL,16:04.0,15:35.0,NULL,NULL,NULL,NULL
276,62,5,5,NULL,2021,11245,BTECH_CE_SEM3#2021,3,BTBS301,T2051641245055,5164,0,,,78,78,8,4,32,78,BB,Pass,,No,Published,,10,10,20,,,,38,,,,NULL,NULL,NULL,16:04.0,15:35.0,NULL,NULL,NULL,NULL
277,62,5,5,NULL,2021,11245,BTECH_CE_SEM3#2021,3,BTBS301,T2051641245056,5164,0,,,64,64,6.5,4,26,64,CD,Pass,,No,Published,,4,10,19,,,,31,,,,NULL,NULL,NULL,16:04.0,15:35.0,NULL,NULL,NULL,NULL
278,62,5,5,NULL,2021,11293,BTECH_ELEENG_SEM3#2021,3,BTBS301,T2051641293001,5164,0,,,76,76,8,4,32,76,BB,Pass,,No,Published,,10,10,20,,,,36,,,,NULL,NULL,NULL,16:04.0,15:35.0,NULL,NULL,NULL,NULL
279,62,5,5,NULL,2021,11293,BTECH_ELEENG_SEM3#2021,3,BTBS301,T2051641293002,5164,0,,,83,83,8.5,4,34,83,AB,Pass,,No,Published,,10,10,17,,,,46,,,,NULL,NULL,NULL,16:04.0,15:35.0,NULL,NULL,NULL,NULL
280,62,5,5,NULL,2021,11293,BTECH_ELEENG_SEM3#2021,3,BTBS301,T2051641293003,5164,0,,,73,73,7.5,4,30,73,BC,Pass,,No,Published,,9,9,18,,,,37,,,,NULL,NULL,NULL,16:04.0,15:35.0,NULL,NULL,NULL,NULL
281,62,5,5,NULL,2021,11245,BTECH_CE_SEM3#2021,3,BTBS301,T2051641293004,5164,0,,,65,65,6.5,4,26,65,CD,Pass,,No,Published,,10,10,20,,,,25,,,,NULL,NULL,NULL,16:04.0,15:35.0,NULL,NULL,NULL,NULL
282,62,5,5,NULL,2021,11293,BTECH_ELEENG_SEM3#2021,3,BTBS301,T2051641293005,5164,0,,,80,80,8,4,32,80,BB,Pass,,No,Published,,10,10,20,,,,40,,,,NULL,NULL,NULL,16:04.0,15:35.0,NULL,NULL,NULL,NULL
283,62,5,5,NULL,2021,11293,BTECH_ELEENG_SEM3#2021,3,BTBS301,T2051641293006,5164,0,,,71,71,7.5,4,30,71,BC,Pass,,No,Published,,10,10,18,,,,33,,,,NULL,NULL,NULL,16:04.0,15:35.0,NULL,NULL,NULL,NULL
284,62,5,5,NULL,2021,11293,BTECH_ELEENG_SEM3#2021,3,BTBS301,T2051641293007,5164,0,,,58,58,6,4,24,58,DD,Pass,,No,Published,,10,10,19,,,,19,,,,NULL,NULL,NULL,16:04.0,15:35.0,NULL,NULL,NULL,NULL
285,62,5,5,NULL,2021,11245,BTECH_CE_SEM3#2021,3,BTBS301,T2051641372002,5164,0,,,90,90,9,4,36,90,AA,Pass,,No,Published,,10,10,20,,,,50,,,,NULL,NULL,NULL,16:04.0,15:35.0,NULL,NULL,NULL,NULL
286,62,5,5,NULL,2021,11372,BTECH_ENTCENG_SEM3#2021,3,BTBS301,T2051641372003,5164,0,,,69,69,7,4,28,69,CC,Pass,,No,Published,,10,10,20,,,,29,,,,NULL,NULL,NULL,16:04.0,15:35.0,NULL,NULL,NULL,NULL
287,62,5,5,NULL,2021,11372,BTECH_ENTCENG_SEM3#2021,3,BTBS301,T2051641372004,5164,0,,,79,79,8,4,32,79,BB,Pass,,No,Published,,10,10,20,,,,39,,,,NULL,NULL,NULL,16:04.0,15:35.0,NULL,NULL,NULL,NULL
288,62,5,5,NULL,2021,11372,BTECH_ENTCENG_SEM3#2021,3,BTBS301,T2051641372005,5164,0,,,71,71,7.5,4,30,71,BC,Pass,,No,Published,,10,10,20,,,,31,,,,NULL,NULL,NULL,16:04.0,15:35.0,NULL,NULL,NULL,NULL
289,62,5,5,NULL,2021,11372,BTECH_ENTCENG_SEM3#2021,3,BTBS301,T2051641372006,5164,0,,,86,86,9,4,36,86,AA,Pass,,No,Published,,10,10,20,,,,46,,,,NULL,NULL,NULL,16:04.0,15:35.0,NULL,NULL,NULL,NULL
290,62,5,5,NULL,2021,11372,BTECH_ENTCENG_SEM3#2021,3,BTBS301,T2051641372007,5164,0,,,74,74,7.5,4,30,74,BC,Pass,,No,Published,,10,10,20,,,,34,,,,NULL,NULL,NULL,16:04.0,15:35.0,NULL,NULL,NULL,NULL
291,62,5,5,NULL,2021,11612,BTECH_MECHENG_SEM3#2021,3,BTBS301,T2051641612001,5164,0,,,82,82,8.5,4,34,82,AB,Pass,,No,Published,,9,10,20,,,,43,,,,NULL,NULL,NULL,16:04.0,15:35.0,NULL,NULL,NULL,NULL
292,62,5,5,NULL,2021,11612,BTECH_MECHENG_SEM3#2021,3,BTBS301,T2051641612002,5164,0,,,61,61,6.5,4,26,61,CD,Pass,,No,Published,,9,10,17,,,,25,,,,NULL,NULL,NULL,16:04.0,15:35.0,NULL,NULL,NULL,NULL
293,62,5,5,NULL,2021,11612,BTECH_MECHENG_SEM3#2021,3,BTBS301,T2051641612003,5164,0,,,44,44,5,4,20,44,EE,Pass,,No,Published,,9,10,20,,,,5,,,,NULL,NULL,NULL,16:04.0,15:35.0,NULL,NULL,NULL,NULL
294,62,5,5,NULL,2021,11612,BTECH_MECHENG_SEM3#2021,3,BTBS301,T2051641612004,5164,0,,,87,87,9,4,36,87,AA,Pass,,No,Published,,9,10,20,,,,48,,,,NULL,NULL,NULL,16:04.0,15:35.0,NULL,NULL,NULL,NULL
295,62,5,5,NULL,2021,11191,BTECH_CIVILENG_SEM3#2021,3,BTBS301,T2051641612005,5164,0,,,54,54,5.5,4,22,54,DE,Pass,,No,Published,,9,10,20,,,,15,,,,NULL,NULL,NULL,16:04.0,15:35.0,NULL,NULL,NULL,NULL
296,62,5,5,NULL,2021,11612,BTECH_MECHENG_SEM3#2021,3,BTBS301,T2051641612006,5164,0,,,70,70,7,4,28,70,CC,Pass,,No,Published,,9,10,20,,,,31,,,,NULL,NULL,NULL,16:04.0,15:35.0,NULL,NULL,NULL,NULL
297,62,5,5,NULL,2021,11612,BTECH_MECHENG_SEM3#2021,3,BTBS301,T2051641612007,5164,0,,,68,68,7,4,28,68,CC,Pass,,No,Published,,9,10,20,,,,29,,,,NULL,NULL,NULL,16:04.0,15:35.0,NULL,NULL,NULL,NULL
298,62,5,5,NULL,2021,11612,BTECH_MECHENG_SEM3#2021,3,BTBS301,T2051641612008,5164,0,,,57,57,6,4,24,57,DD,Pass,,No,Published,,9,10,20,,,,18,,,,NULL,NULL,NULL,16:04.0,15:35.0,NULL,NULL,NULL,NULL
299,62,5,5,NULL,2021,11612,BTECH_MECHENG_SEM3#2021,3,BTBS301,T2051641612009,5164,0,,,82,82,8.5,4,34,82,AB,Pass,,No,Published,,9,10,20,,,,43,,,,NULL,NULL,NULL,16:04.0,15:35.0,NULL,NULL,NULL,NULL
300,62,5,5,NULL,2021,11191,BTECH_CIVILENG_SEM3#2021,3,BTBS301,T2051681191001,5168,0,,,86,86,9,4,36,86,AA,Pass,,No,Published,,7,8,19,,,,52,,,,NULL,NULL,NULL,16:04.0,15:35.0,NULL,NULL,NULL,NULL
301,62,5,5,NULL,2021,11191,BTECH_CIVILENG_SEM3#2021,3,BTBS301,T2051681191002,5168,0,,,75,75,7.5,4,30,75,BC,Pass,,No,Published,,8,8,18,,,,41,,,,NULL,NULL,NULL,16:04.0,15:35.0,NULL,NULL,NULL,NULL
302,62,5,5,NULL,2021,11191,BTECH_CIVILENG_SEM3#2021,3,BTBS301,T2051681191003,5168,0,,,55,55,5.5,4,22,55,DE,Pass,,No,Published,,9,8,19,,,,19,,,,NULL,NULL,NULL,16:04.0,15:35.0,NULL,NULL,NULL,NULL
303,62,5,5,NULL,2021,11191,BTECH_CIVILENG_SEM3#2021,3,BTBS301,T2051681191004,5168,0,,,84,84,8.5,4,34,84,AB,Pass,,No,Published,,8,9,20,,,,47,,,,NULL,NULL,NULL,16:04.0,15:35.0,NULL,NULL,NULL,NULL
304,62,5,5,NULL,2021,11245,BTECH_CE_SEM3#2021,3,BTBS301,T2051681245001,5168,0,,,78,78,8,4,32,78,BB,Pass,,No,Published,,9,9,19,,,,41,,,,NULL,NULL,NULL,16:04.0,15:35.0,NULL,NULL,NULL,NULL
305,62,5,5,NULL,2021,11245,BTECH_CE_SEM3#2021,3,BTBS301,T2051681245002,5168,0,,,79,79,8,4,32,79,BB,Pass,,No,Published,,8,8,18,,,,45,,,,NULL,NULL,NULL,16:04.0,15:35.0,NULL,NULL,NULL,NULL
306,62,5,5,NULL,2021,11245,BTECH_CE_SEM3#2021,3,BTBS301,T2051681245003,5168,0,,,76,76,8,4,32,76,BB,Pass,,No,Published,,9,9,18,,,,40,,,,NULL,NULL,NULL,16:04.0,15:35.0,NULL,NULL,NULL,NULL
307,62,5,5,NULL,2021,11245,BTECH_CE_SEM3#2021,3,BTBS301,T2051681245004,5168,0,,,68,68,7,4,28,68,CC,Pass,,No,Published,,8,8,19,,,,33,,,,NULL,NULL,NULL,16:04.0,15:35.0,NULL,NULL,NULL,NULL
308,62,5,5,NULL,2021,11245,BTECH_CE_SEM3#2021,3,BTBS301,T2051681245005,5168,0,,,73,73,7.5,4,30,73,BC,Pass,,No,Published,,9,9,18,,,,37,,,,NULL,NULL,NULL,16:04.0,15:35.0,NULL,NULL,NULL,NULL
309,62,5,5,NULL,2021,11245,BTECH_CE_SEM3#2021,3,BTBS301,T2051681245006,5168,0,,,84,84,8.5,4,34,84,AB,Pass,,No,Published,,9,9,18,,,,48,,,,NULL,NULL,NULL,16:04.0,15:35.0,NULL,NULL,NULL,NULL
310,62,5,5,NULL,2021,11245,BTECH_CE_SEM3#2021,3,BTBS301,T2051681245007,5168,0,,,69,69,7,4,28,69,CC,Pass,,No,Published,,7,7,18,,,,37,,,,NULL,NULL,NULL,16:04.0,15:35.0,NULL,NULL,NULL,NULL
311,62,5,5,NULL,2021,11245,BTECH_CE_SEM3#2021,3,BTBS301,T2051681245008,5168,0,,,74,74,7.5,4,30,74,BC,Pass,,No,Published,,9,9,20,,,,36,,,,NULL,NULL,NULL,16:04.0,15:35.0,NULL,NULL,NULL,NULL
312,62,5,5,NULL,2021,11245,BTECH_CE_SEM3#2021,3,BTBS301,T2051681245009,5168,0,,,82,82,8.5,4,34,82,AB,Pass,,No,Published,,9,9,20,,,,44,,,,NULL,NULL,NULL,16:04.0,15:35.0,NULL,NULL,NULL,NULL
313,62,5,5,NULL,2021,11245,BTECH_CE_SEM3#2021,3,BTBS301,T2051681245010,5168,0,,,67,67,7,4,28,67,CC,Pass,,No,Published,,9,9,19,,,,30,,,,NULL,NULL,NULL,16:04.0,15:35.0,NULL,NULL,NULL,NULL
314,62,5,5,NULL,2021,11245,BTECH_CE_SEM3#2021,3,BTBS301,T2051681245011,5168,0,,,77,77,8,4,32,77,BB,Pass,,No,Published,,8,8,19,,,,42,,,,NULL,NULL,NULL,16:04.0,15:35.0,NULL,NULL,NULL,NULL
315,62,5,5,NULL,2021,11245,BTECH_CE_SEM3#2021,3,BTBS301,T2051681245012,5168,0,,,89,89,9,4,36,89,AA,Pass,,No,Published,,9,9,20,,,,51,,,,NULL,NULL,NULL,16:04.0,15:35.0,NULL,NULL,NULL,NULL
316,62,5,5,NULL,2021,11245,BTECH_CE_SEM3#2021,3,BTBS301,T2051681245013,5168,0,,,34,34,0,0,0,0,NC,Fail,,Yes,Published,No,8,8,18,,,,Ab,,,,NULL,NULL,NULL,16:04.0,15:35.0,NULL,NULL,NULL,NULL
317,62,5,5,NULL,2021,11245,BTECH_CE_SEM3#2021,3,BTBS301,T2051681245014,5168,0,,,81,81,8.5,4,34,81,AB,Pass,,No,Published,,9,9,17,,,,46,,,,NULL,NULL,NULL,16:04.0,15:35.0,NULL,NULL,NULL,NULL
318,62,5,5,NULL,2021,11245,BTECH_CE_SEM3#2021,3,BTBS301,T2051681245015,5168,0,,,54,54,5.5,4,22,54,DE,Pass,,No,Published,,9,9,18,,,,18,,,,NULL,NULL,NULL,16:04.0,15:35.0,NULL,NULL,NULL,NULL
319,62,5,5,NULL,2021,11245,BTECH_CE_SEM3#2021,3,BTBS301,T2051681245016,5168,0,,,78,78,8,4,32,78,BB,Pass,,No,Published,,9,9,18,,,,42,,,,NULL,NULL,NULL,16:04.0,15:35.0,NULL,NULL,NULL,NULL
320,62,5,5,NULL,2021,11245,BTECH_CE_SEM3#2021,3,BTBS301,T2051681245017,5168,0,,,86,86,9,4,36,86,AA,Pass,,No,Published,,8,8,19,,,,51,,,,NULL,NULL,NULL,16:04.0,15:35.0,NULL,NULL,NULL,NULL
321,62,5,5,NULL,2021,11245,BTECH_CE_SEM3#2021,3,BTBS301,T2051681245018,5168,0,,,75,75,7.5,4,30,75,BC,Pass,,No,Published,,8,8,20,,,,39,,,,NULL,NULL,NULL,16:04.0,15:35.0,NULL,NULL,NULL,NULL
322,62,5,5,NULL,2021,11612,BTECH_MECHENG_SEM3#2021,3,BTBS301,T2051681612001,5168,0,,,76,76,8,4,32,76,BB,Pass,,No,Published,,10,9,18,,,,39,,,,NULL,NULL,NULL,16:04.0,15:35.0,NULL,NULL,NULL,NULL
323,62,5,5,NULL,2021,11191,BTECH_CIVILENG_SEM3#2021,3,BTBS301,T2051701191001,5170,0,,,83,83,8.5,4,34,83,AB,Pass,,No,Published,,9,10,19,,,,45,,,,NULL,NULL,NULL,16:04.0,15:35.0,NULL,NULL,NULL,NULL
324,62,5,5,NULL,2021,11191,BTECH_CIVILENG_SEM3#2021,3,BTBS301,T2051701191002,5170,0,,,58,58,6,4,24,58,DD,Pass,,No,Published,,9,10,20,,,,19,,,,NULL,NULL,NULL,16:04.0,15:35.0,NULL,NULL,NULL,NULL
325,62,5,5,NULL,2021,11191,BTECH_CIVILENG_SEM3#2021,3,BTBS301,T2051701191003,5170,0,,,54,54,5.5,4,22,54,DE,Pass,,No,Published,,9,10,20,,,,15,,,,NULL,NULL,NULL,16:04.0,15:35.0,NULL,NULL,NULL,NULL
326,62,5,5,NULL,2021,11191,BTECH_CIVILENG_SEM3#2021,3,BTBS301,T2051701191004,5170,0,,,76,76,8,4,32,76,BB,Pass,,No,Published,,9,10,17,,,,40,,,,NULL,NULL,NULL,16:04.0,15:35.0,NULL,NULL,NULL,NULL
327,62,5,5,NULL,2021,11191,BTECH_CIVILENG_SEM3#2021,3,BTBS301,T2051701191005,5170,0,,,82,82,8.5,4,34,82,AB,Pass,,No,Published,,9,10,17,,,,46,,,,NULL,NULL,NULL,16:04.0,15:35.0,NULL,NULL,NULL,NULL
328,62,5,5,NULL,2021,11191,BTECH_CIVILENG_SEM3#2021,3,BTBS301,T2051701191006,5170,0,,,83,83,8.5,4,34,83,AB,Pass,,No,Published,,10,9,18,,,,46,,,,NULL,NULL,NULL,16:04.0,15:35.0,NULL,NULL,NULL,NULL
329,62,5,5,NULL,2021,11191,BTECH_CIVILENG_SEM3#2021,3,BTBS301,T2051701191007,5170,0,,,83,83,8.5,4,34,83,AB,Pass,,No,Published,,9,10,19,,,,45,,,,NULL,NULL,NULL,16:04.0,15:35.0,NULL,NULL,NULL,NULL
330,62,5,5,NULL,2021,11191,BTECH_CIVILENG_SEM3#2021,3,BTBS301,T2051701191008,5170,0,,,61,61,6.5,4,26,61,CD,Pass,,No,Published,,10,9,19,,,,23,,,,NULL,NULL,NULL,16:04.0,15:35.0,NULL,NULL,NULL,NULL
331,62,5,5,NULL,2021,11191,BTECH_CIVILENG_SEM3#2021,3,BTBS301,T2051701191009,5170,0,,,40,40,5,4,20,40,EE,Pass,,No,Published,,10,9,20,,,,1,,,,NULL,NULL,NULL,16:04.0,15:35.0,NULL,NULL,NULL,NULL
332,62,5,5,NULL,2021,11191,BTECH_CIVILENG_SEM3#2021,3,BTBS301,T2051701191010,5170,0,,,82,82,8.5,4,34,82,AB,Pass,,No,Published,,9,10,17,,,,46,,,,NULL,NULL,NULL,16:04.0,15:35.0,NULL,NULL,NULL,NULL
333,62,5,5,NULL,2021,11242,BTECH_CSENG_SEM3#2021,3,BTBS301,T2051701242001,5170,0,,,76,76,8,4,32,76,BB,Pass,,No,Published,,8,9,20,,,,39,,,,NULL,NULL,NULL,16:04.0,15:35.0,NULL,NULL,NULL,NULL
334,62,5,5,NULL,2021,11242,BTECH_CSENG_SEM3#2021,3,BTBS301,T2051701242002,5170,0,,,86,86,9,4,36,86,AA,Pass,,No,Published,,10,10,20,,,,46,,,,NULL,NULL,NULL,16:04.0,15:35.0,NULL,NULL,NULL,NULL
335,62,5,5,NULL,2021,11242,BTECH_CSENG_SEM3#2021,3,BTBS301,T2051701242003,5170,0,,,75,75,7.5,4,30,75,BC,Pass,,No,Published,,10,10,20,,,,35,,,,NULL,NULL,NULL,16:04.0,15:35.0,NULL,NULL,NULL,NULL
336,62,5,5,NULL,2021,11242,BTECH_CSENG_SEM3#2021,3,BTBS301,T2051701242004,5170,0,,,59,59,6,4,24,59,DD,Pass,,No,Published,,7,7,19,,,,26,,,,NULL,NULL,NULL,16:04.0,15:35.0,NULL,NULL,NULL,NULL
337,62,5,5,NULL,2021,11242,BTECH_CSENG_SEM3#2021,3,BTBS301,T2051701242005,5170,0,,,74,74,7.5,4,30,74,BC,Pass,,No,Published,,10,9,18,,,,37,,,,NULL,NULL,NULL,16:04.0,15:35.0,NULL,NULL,NULL,NULL
338,62,5,5,NULL,2021,11242,BTECH_CSENG_SEM3#2021,3,BTBS301,T2051701242006,5170,0,,,79,79,8,4,32,79,BB,Pass,,No,Published,,10,10,18,,,,41,,,,NULL,NULL,NULL,16:04.0,15:35.0,NULL,NULL,NULL,NULL
339,62,5,5,NULL,2021,11242,BTECH_CSENG_SEM3#2021,3,BTBS301,T2051701242007,5170,0,,,83,83,8.5,4,34,83,AB,Pass,,No,Published,,8,10,18,,,,47,,,,NULL,NULL,NULL,16:04.0,15:35.0,NULL,NULL,NULL,NULL
340,62,5,5,NULL,2021,11242,BTECH_CSENG_SEM3#2021,3,BTBS301,T2051701242008,5170,0,,,77,77,8,4,32,77,BB,Pass,,No,Published,,7,10,17,,,,43,,,,NULL,NULL,NULL,16:04.0,15:35.0,NULL,NULL,NULL,NULL
341,62,5,5,NULL,2021,11242,BTECH_CSENG_SEM3#2021,3,BTBS301,T2051701242009,5170,0,,,92,92,10,4,40,92,EX,Pass,,No,Published,,8,10,20,,,,54,,,,NULL,NULL,NULL,16:04.0,15:35.0,NULL,NULL,NULL,NULL
342,62,5,5,NULL,2021,11242,BTECH_CSENG_SEM3#2021,3,BTBS301,T2051701242010,5170,0,,,85,85,8.5,4,34,85,AB,Pass,,No,Published,,10,10,18,,,,47,,,,NULL,NULL,NULL,16:04.0,15:35.0,NULL,NULL,NULL,NULL
343,62,5,5,NULL,2021,11242,BTECH_CSENG_SEM3#2021,3,BTBS301,T2051701242011,5170,0,,,74,74,7.5,4,30,74,BC,Pass,,No,Published,,9,10,18,,,,37,,,,NULL,NULL,NULL,16:04.0,15:35.0,NULL,NULL,NULL,NULL
344,62,5,5,NULL,2021,11242,BTECH_CSENG_SEM3#2021,3,BTBS301,T2051701242012,5170,0,,,80,80,8,4,32,80,BB,Pass,,No,Published,,10,9,19,,,,42,,,,NULL,NULL,NULL,16:04.0,15:35.0,NULL,NULL,NULL,NULL
345,62,5,5,NULL,2021,11242,BTECH_CSENG_SEM3#2021,3,BTBS301,T2051701242013,5170,0,,,69,69,7,4,28,69,CC,Pass,,No,Published,,7,7,19,,,,36,,,,NULL,NULL,NULL,16:04.0,15:35.0,NULL,NULL,NULL,NULL
346,62,5,5,NULL,2021,11242,BTECH_CSENG_SEM3#2021,3,BTBS301,T2051701242014,5170,0,,,78,78,8,4,32,78,BB,Pass,,No,Published,,9,10,18,,,,41,,,,NULL,NULL,NULL,16:04.0,15:35.0,NULL,NULL,NULL,NULL
347,62,5,5,NULL,2021,11242,BTECH_CSENG_SEM3#2021,3,BTBS301,T2051701242015,5170,0,,,68,68,7,4,28,68,CC,Pass,,No,Published,,8,9,18,,,,33,,,,NULL,NULL,NULL,16:04.0,15:35.0,NULL,NULL,NULL,NULL
348,62,5,5,NULL,2021,11242,BTECH_CSENG_SEM3#2021,3,BTBS301,T2051701242016,5170,0,,,78,78,8,4,32,78,BB,Pass,,No,Published,,7,10,20,,,,41,,,,NULL,NULL,NULL,16:04.0,15:35.0,NULL,NULL,NULL,NULL
349,62,5,5,NULL,2021,11242,BTECH_CSENG_SEM3#2021,3,BTBS301,T2051701242017,5170,0,,,83,83,8.5,4,34,83,AB,Pass,,No,Published,,10,10,18,,,,45,,,,NULL,NULL,NULL,16:04.0,15:35.0,NULL,NULL,NULL,NULL
350,62,5,5,NULL,2021,11242,BTECH_CSENG_SEM3#2021,3,BTBS301,T2051701242018,5170,0,,,81,81,8.5,4,34,81,AB,Pass,,No,Published,,9,9,19,,,,44,,,,NULL,NULL,NULL,16:04.0,15:35.0,NULL,NULL,NULL,NULL
351,62,5,5,NULL,2021,11242,BTECH_CSENG_SEM3#2021,3,BTBS301,T2051701242019,5170,0,,,71,71,7.5,4,30,71,BC,Pass,,No,Published,,9,8,19,,,,35,,,,NULL,NULL,NULL,16:04.0,15:35.0,NULL,NULL,NULL,NULL
352,62,5,5,NULL,2021,11242,BTECH_CSENG_SEM3#2021,3,BTBS301,T2051701242020,5170,0,,,83,83,8.5,4,34,83,AB,Pass,,No,Published,,9,9,19,,,,46,,,,NULL,NULL,NULL,16:04.0,15:35.0,NULL,NULL,NULL,NULL
353,62,5,5,NULL,2021,11242,BTECH_CSENG_SEM3#2021,3,BTBS301,T2051701242021,5170,0,,,91,91,10,4,40,91,EX,Pass,,No,Published,,10,10,20,,,,51,,,,NULL,NULL,NULL,16:04.0,15:35.0,NULL,NULL,NULL,NULL
354,62,5,5,NULL,2021,11242,BTECH_CSENG_SEM3#2021,3,BTBS301,T2051701242022,5170,0,,,62,62,6.5,4,26,62,CD,Pass,,No,Published,,7,7,19,,,,29,,,,NULL,NULL,NULL,16:04.0,15:35.0,NULL,NULL,NULL,NULL
355,62,5,5,NULL,2021,11242,BTECH_CSENG_SEM3#2021,3,BTBS301,T2051701242023,5170,0,,,90,90,9,4,36,90,AA,Pass,,No,Published,,10,10,20,,,,50,,,,NULL,NULL,NULL,16:04.0,15:35.0,NULL,NULL,NULL,NULL
356,62,5,5,NULL,2021,11242,BTECH_CSENG_SEM3#2021,3,BTBS301,T2051701242024,5170,0,,,87,87,9,4,36,87,AA,Pass,,No,Published,,10,10,20,,,,47,,,,NULL,NULL,NULL,16:04.0,15:35.0,NULL,NULL,NULL,NULL
357,62,5,5,NULL,2021,11242,BTECH_CSENG_SEM3#2021,3,BTBS301,T2051701242025,5170,0,,,96,96,10,4,40,96,EX,Pass,,No,Published,,10,10,20,,,,56,,,,NULL,NULL,NULL,16:04.0,15:35.0,NULL,NULL,NULL,NULL
358,62,5,5,NULL,2021,11242,BTECH_CSENG_SEM3#2021,3,BTBS301,T2051701242026,5170,0,,,79,79,8,4,32,79,BB,Pass,,No,Published,,8,9,19,,,,43,,,,NULL,NULL,NULL,16:04.0,15:35.0,NULL,NULL,NULL,NULL
359,62,5,5,NULL,2021,11242,BTECH_CSENG_SEM3#2021,3,BTBS301,T2051701242027,5170,0,,,83,83,8.5,4,34,83,AB,Pass,,No,Published,,10,9,20,,,,44,,,,NULL,NULL,NULL,16:04.0,15:35.0,NULL,NULL,NULL,NULL
360,62,5,5,NULL,2021,11242,BTECH_CSENG_SEM3#2021,3,BTBS301,T2051701242028,5170,0,,,64,64,6.5,4,26,64,CD,Pass,,No,Published,,8,7,18,,,,31,,,,NULL,NULL,NULL,16:04.0,15:35.0,NULL,NULL,NULL,NULL
361,62,5,5,NULL,2021,11242,BTECH_CSENG_SEM3#2021,3,BTBS301,T2051701242029,5170,0,,,87,87,9,4,36,87,AA,Pass,,No,Published,,10,10,19,,,,48,,,,NULL,NULL,NULL,16:04.0,15:35.0,NULL,NULL,NULL,NULL
362,62,5,5,NULL,2021,11242,BTECH_CSENG_SEM3#2021,3,BTBS301,T2051701242030,5170,0,,,85,85,8.5,4,34,85,AB,Pass,,No,Published,,9,10,18,,,,48,,,,NULL,NULL,NULL,16:04.0,15:35.0,NULL,NULL,NULL,NULL
363,62,5,5,NULL,2021,11242,BTECH_CSENG_SEM3#2021,3,BTBS301,T2051701242031,5170,0,,,94,94,10,4,40,94,EX,Pass,,No,Published,,10,10,20,,,,54,,,,NULL,NULL,NULL,16:04.0,15:35.0,NULL,NULL,NULL,NULL
364,62,5,5,NULL,2021,11242,BTECH_CSENG_SEM3#2021,3,BTBS301,T2051701242032,5170,0,,,88,88,9,4,36,88,AA,Pass,,No,Published,,10,10,20,,,,48,,,,NULL,NULL,NULL,16:04.0,15:35.0,NULL,NULL,NULL,NULL
365,62,5,5,NULL,2021,11242,BTECH_CSENG_SEM3#2021,3,BTBS301,T2051701242033,5170,0,,,66,66,7,4,28,66,CC,Pass,,No,Published,,8,7,20,,,,31,,,,NULL,NULL,NULL,16:04.0,15:35.0,NULL,NULL,NULL,NULL
366,62,5,5,NULL,2021,11242,BTECH_CSENG_SEM3#2021,3,BTBS301,T2051701242034,5170,0,,,87,87,9,4,36,87,AA,Pass,,No,Published,,9,9,20,,,,49,,,,NULL,NULL,NULL,16:04.0,15:35.0,NULL,NULL,NULL,NULL
367,62,5,5,NULL,2021,11242,BTECH_CSENG_SEM3#2021,3,BTBS301,T2051701242035,5170,0,,,82,82,8.5,4,34,82,AB,Pass,,No,Published,,10,9,19,,,,44,,,,NULL,NULL,NULL,16:04.0,15:35.0,NULL,NULL,NULL,NULL
368,62,5,5,NULL,2021,11242,BTECH_CSENG_SEM3#2021,3,BTBS301,T2051701242036,5170,0,,,80,80,8,4,32,80,BB,Pass,,No,Published,,10,10,18,,,,42,,,,NULL,NULL,NULL,16:04.0,15:35.0,NULL,NULL,NULL,NULL
369,62,5,5,NULL,2021,11242,BTECH_CSENG_SEM3#2021,3,BTBS301,T2051701242037,5170,0,,,84,84,8.5,4,34,84,AB,Pass,,No,Published,,8,10,19,,,,47,,,,NULL,NULL,NULL,16:04.0,15:35.0,NULL,NULL,NULL,NULL
370,62,5,5,NULL,2021,11242,BTECH_CSENG_SEM3#2021,3,BTBS301,T2051701242038,5170,0,,,85,85,8.5,4,34,85,AB,Pass,,No,Published,,10,10,20,,,,45,,,,NULL,NULL,NULL,16:04.0,15:35.0,NULL,NULL,NULL,NULL
371,62,5,5,NULL,2021,11242,BTECH_CSENG_SEM3#2021,3,BTBS301,T2051701242039,5170,0,,,53,53,5.5,4,22,53,DE,Pass,,No,Published,,8,7,17,,,,21,,,,NULL,NULL,NULL,16:04.0,15:35.0,NULL,NULL,NULL,NULL
372,62,5,5,NULL,2021,11242,BTECH_CSENG_SEM3#2021,3,BTBS301,T2051701242040,5170,0,,,91,91,10,4,40,91,EX,Pass,,No,Published,,10,10,19,,,,52,,,,NULL,NULL,NULL,16:04.0,15:35.0,NULL,NULL,NULL,NULL
373,62,5,5,NULL,2021,11242,BTECH_CSENG_SEM3#2021,3,BTBS301,T2051701242041,5170,0,,,77,77,8,4,32,77,BB,Pass,,No,Published,,9,9,18,,,,41,,,,NULL,NULL,NULL,16:04.0,15:35.0,NULL,NULL,NULL,NULL
374,62,5,5,NULL,2021,11242,BTECH_CSENG_SEM3#2021,3,BTBS301,T2051701242042,5170,0,,,81,81,8.5,4,34,81,AB,Pass,,No,Published,,8,10,18,,,,45,,,,NULL,NULL,NULL,16:04.0,15:35.0,NULL,NULL,NULL,NULL
375,62,5,5,NULL,2021,11242,BTECH_CSENG_SEM3#2021,3,BTBS301,T2051701242043,5170,0,,,92,92,10,4,40,92,EX,Pass,,No,Published,,10,10,19,,,,53,,,,NULL,NULL,NULL,16:04.0,15:35.0,NULL,NULL,NULL,NULL
376,62,5,5,NULL,2021,11242,BTECH_CSENG_SEM3#2021,3,BTBS301,T2051701242044,5170,0,,,87,87,9,4,36,87,AA,Pass,,No,Published,,10,9,20,,,,48,,,,NULL,NULL,NULL,16:04.0,15:35.0,NULL,NULL,NULL,NULL
377,62,5,5,NULL,2021,11242,BTECH_CSENG_SEM3#2021,3,BTBS301,T2051701242045,5170,0,,,86,86,9,4,36,86,AA,Pass,,No,Published,,8,10,18,,,,50,,,,NULL,NULL,NULL,16:04.0,15:35.0,NULL,NULL,NULL,NULL
378,62,5,5,NULL,2021,11242,BTECH_CSENG_SEM3#2021,3,BTBS301,T2051701242046,5170,0,,,66,66,7,4,28,66,CC,Pass,,No,Published,,8,7,19,,,,32,,,,NULL,NULL,NULL,16:04.0,15:35.0,NULL,NULL,NULL,NULL
379,62,5,5,NULL,2021,11242,BTECH_CSENG_SEM3#2021,3,BTBS301,T2051701242047,5170,0,,,81,81,8.5,4,34,81,AB,Pass,,No,Published,,9,9,19,,,,44,,,,NULL,NULL,NULL,16:04.0,15:35.0,NULL,NULL,NULL,NULL
380,62,5,5,NULL,2021,11242,BTECH_CSENG_SEM3#2021,3,BTBS301,T2051701242048,5170,0,,,83,83,8.5,4,34,83,AB,Pass,,No,Published,,7,7,18,,,,51,,,,NULL,NULL,NULL,16:04.0,15:35.0,NULL,NULL,NULL,NULL
381,62,5,5,NULL,2021,11242,BTECH_CSENG_SEM3#2021,3,BTBS301,T2051701242049,5170,0,,,59,59,6,4,24,59,DD,Pass,,No,Published,,7,7,19,,,,26,,,,NULL,NULL,NULL,16:04.0,15:35.0,NULL,NULL,NULL,NULL
382,62,5,5,NULL,2021,11242,BTECH_CSENG_SEM3#2021,3,BTBS301,T2051701242050,5170,0,,,84,84,8.5,4,34,84,AB,Pass,,No,Published,,10,10,19,,,,45,,,,NULL,NULL,NULL,16:04.0,15:35.0,NULL,NULL,NULL,NULL
383,62,5,5,NULL,2021,11242,BTECH_CSENG_SEM3#2021,3,BTBS301,T2051701242051,5170,0,,,80,80,8,4,32,80,BB,Pass,,No,Published,,10,9,19,,,,42,,,,NULL,NULL,NULL,16:04.0,15:35.0,NULL,NULL,NULL,NULL
384,62,5,5,NULL,2021,11242,BTECH_CSENG_SEM3#2021,3,BTBS301,T2051701242052,5170,0,,,79,79,8,4,32,79,BB,Pass,,No,Published,,8,10,19,,,,42,,,,NULL,NULL,NULL,16:04.0,15:35.0,NULL,NULL,NULL,NULL
385,62,5,5,NULL,2021,11242,BTECH_CSENG_SEM3#2021,3,BTBS301,T2051701242053,5170,0,,,66,66,7,4,28,66,CC,Pass,,No,Published,,7,8,18,,,,33,,,,NULL,NULL,NULL,16:04.0,15:35.0,NULL,NULL,NULL,NULL
386,62,5,5,NULL,2021,11242,BTECH_CSENG_SEM3#2021,3,BTBS301,T2051701242054,5170,0,,,75,75,7.5,4,30,75,BC,Pass,,No,Published,,10,10,18,,,,37,,,,NULL,NULL,NULL,16:04.0,15:35.0,NULL,NULL,NULL,NULL
387,62,5,5,NULL,2021,11242,BTECH_CSENG_SEM3#2021,3,BTBS301,T2051701242055,5170,0,,,72,72,7.5,4,30,72,BC,Pass,,No,Published,,9,9,20,,,,34,,,,NULL,NULL,NULL,16:04.0,15:35.0,NULL,NULL,NULL,NULL
388,62,5,5,NULL,2021,11242,BTECH_CSENG_SEM3#2021,3,BTBS301,T2051701242056,5170,0,,,81,81,8.5,4,34,81,AB,Pass,,No,Published,,7,10,18,,,,46,,,,NULL,NULL,NULL,16:04.0,15:35.0,NULL,NULL,NULL,NULL
389,62,5,5,NULL,2021,11242,BTECH_CSENG_SEM3#2021,3,BTBS301,T2051701242057,5170,0,,,87,87,9,4,36,87,AA,Pass,,No,Published,,10,9,19,,,,49,,,,NULL,NULL,NULL,16:04.0,15:35.0,NULL,NULL,NULL,NULL
390,62,5,5,NULL,2021,11242,BTECH_CSENG_SEM3#2021,3,BTBS301,T2051701242058,5170,0,,,76,76,8,4,32,76,BB,Pass,,No,Published,,9,9,20,,,,38,,,,NULL,NULL,NULL,16:04.0,15:35.0,NULL,NULL,NULL,NULL
391,62,5,5,NULL,2021,11242,BTECH_CSENG_SEM3#2021,3,BTBS301,T2051701242059,5170,0,,,50,50,5,4,20,50,EE,Pass,,No,Published,,7,7,17,,,,19,,,,NULL,NULL,NULL,16:04.0,15:35.0,NULL,NULL,NULL,NULL
392,62,5,5,NULL,2021,11242,BTECH_CSENG_SEM3#2021,3,BTBS301,T2051701242060,5170,0,,,77,77,8,4,32,77,BB,Pass,,No,Published,,10,8,19,,,,40,,,,NULL,NULL,NULL,16:04.0,15:35.0,NULL,NULL,NULL,NULL
393,62,5,5,NULL,2021,11242,BTECH_CSENG_SEM3#2021,3,BTBS301,T2051701242061,5170,0,,,82,82,8.5,4,34,82,AB,Pass,,No,Published,,10,10,20,,,,42,,,,NULL,NULL,NULL,16:04.0,15:35.0,NULL,NULL,NULL,NULL
394,62,5,5,NULL,2021,11293,BTECH_ELEENG_SEM3#2021,3,BTBS301,T2051701293001,5170,0,,,79,79,8,4,32,79,BB,Pass,,No,Published,,8,8,19,,,,44,,,,NULL,NULL,NULL,16:04.0,15:35.0,NULL,NULL,NULL,NULL
395,62,5,5,NULL,2021,11293,BTECH_ELEENG_SEM3#2021,3,BTBS301,T2051701293002,5170,0,,,81,81,8.5,4,34,81,AB,Pass,,No,Published,,9,8,18,,,,46,,,,NULL,NULL,NULL,16:04.0,15:35.0,NULL,NULL,NULL,NULL
396,62,5,5,NULL,2021,11293,BTECH_ELEENG_SEM3#2021,3,BTBS301,T2051701293003,5170,0,,,81,81,8.5,4,34,81,AB,Pass,,No,Published,,9,8,19,,,,45,,,,NULL,NULL,NULL,16:04.0,15:35.0,NULL,NULL,NULL,NULL
397,62,5,5,NULL,2021,11293,BTECH_ELEENG_SEM3#2021,3,BTBS301,T2051701293004,5170,0,,,67,67,7,4,28,67,CC,Pass,,No,Published,,8,9,18,,,,32,,,,NULL,NULL,NULL,16:04.0,15:35.0,NULL,NULL,NULL,NULL
398,62,5,5,NULL,2021,11293,BTECH_ELEENG_SEM3#2021,3,BTBS301,T2051701293005,5170,0,,,48,48,5,4,20,48,EE,Pass,,No,Published,,9,9,18,,,,12,,,,NULL,NULL,NULL,16:04.0,15:35.0,NULL,NULL,NULL,NULL
399,62,5,5,NULL,2021,11293,BTECH_ELEENG_SEM3#2021,3,BTBS301,T2051701293006,5170,0,,,76,76,8,4,32,76,BB,Pass,,No,Published,,8,8,18,,,,42,,,,NULL,NULL,NULL,16:04.0,15:35.0,NULL,NULL,NULL,NULL
400,62,5,5,NULL,2021,11293,BTECH_ELEENG_SEM3#2021,3,BTBS301,T2051701293007,5170,0,,,70,70,7,4,28,70,CC,Pass,,No,Published,,9,9,18,,,,34,,,,NULL,NULL,NULL,16:04.0,15:35.0,NULL,NULL,NULL,NULL
401,62,5,5,NULL,2021,11293,BTECH_ELEENG_SEM3#2021,3,BTBS301,T2051701293008,5170,0,,,83,83,8.5,4,34,83,AB,Pass,,No,Published,,9,9,19,,,,46,,,,NULL,NULL,NULL,16:04.0,15:35.0,NULL,NULL,NULL,NULL
402,62,5,5,NULL,2021,11293,BTECH_ELEENG_SEM3#2021,3,BTBS301,T2051701293010,5170,0,,,73,73,7.5,4,30,73,BC,Pass,,No,Published,,9,9,19,,,,36,,,,NULL,NULL,NULL,16:04.0,15:35.0,NULL,NULL,NULL,NULL
403,62,5,5,NULL,2021,11293,BTECH_ELEENG_SEM3#2021,3,BTBS301,T2051701293011,5170,0,,,81,81,8.5,4,34,81,AB,Pass,,No,Published,,8,9,19,,,,45,,,,NULL,NULL,NULL,16:04.0,15:35.0,NULL,NULL,NULL,NULL
404,62,5,5,NULL,2021,11293,BTECH_ELEENG_SEM3#2021,3,BTBS301,T2051701293012,5170,0,,,82,82,8.5,4,34,82,AB,Pass,,No,Published,,9,8,19,,,,46,,,,NULL,NULL,NULL,16:04.0,15:35.0,NULL,NULL,NULL,NULL
405,62,5,5,NULL,2021,11293,BTECH_ELEENG_SEM3#2021,3,BTBS301,T2051701293013,5170,0,,,85,85,8.5,4,34,85,AB,Pass,,No,Published,,9,9,18,,,,49,,,,NULL,NULL,NULL,16:04.0,15:35.0,NULL,NULL,NULL,NULL
406,62,5,5,NULL,2021,11293,BTECH_ELEENG_SEM3#2021,3,BTBS301,T2051701293014,5170,0,,,62,62,6.5,4,26,62,CD,Pass,,No,Published,,8,8,18,,,,28,,,,NULL,NULL,NULL,16:04.0,15:35.0,NULL,NULL,NULL,NULL
407,62,5,5,NULL,2021,11293,BTECH_ELEENG_SEM3#2021,3,BTBS301,T2051701293015,5170,0,,,84,84,8.5,4,34,84,AB,Pass,,No,Published,,8,9,19,,,,48,,,,NULL,NULL,NULL,16:04.0,15:35.0,NULL,NULL,NULL,NULL
408,62,5,5,NULL,2021,11293,BTECH_ELEENG_SEM3#2021,3,BTBS301,T2051701293016,5170,0,,,66,66,7,4,28,66,CC,Pass,,No,Published,,8,9,19,,,,30,,,,NULL,NULL,NULL,16:04.0,15:35.0,NULL,NULL,NULL,NULL
409,62,5,5,NULL,2021,11293,BTECH_ELEENG_SEM3#2021,3,BTBS301,T2051701293017,5170,0,,,76,76,8,4,32,76,BB,Pass,,No,Published,,8,8,18,,,,42,,,,NULL,NULL,NULL,16:04.0,15:35.0,NULL,NULL,NULL,NULL
410,62,5,5,NULL,2021,11372,BTECH_ENTCENG_SEM3#2021,3,BTBS301,T2051701372001,5170,0,,,81,81,8.5,4,34,81,AB,Pass,,No,Published,,8,8,18,,,,47,,,,NULL,NULL,NULL,16:04.0,15:35.0,NULL,NULL,NULL,NULL
411,62,5,5,NULL,2021,11372,BTECH_ENTCENG_SEM3#2021,3,BTBS301,T2051701372002,5170,0,,,82,82,8.5,4,34,82,AB,Pass,,No,Published,,9,9,19,,,,45,,,,NULL,NULL,NULL,16:04.0,15:35.0,NULL,NULL,NULL,NULL
412,62,5,5,NULL,2021,11372,BTECH_ENTCENG_SEM3#2021,3,BTBS301,T2051701372003,5170,0,,,79,79,8,4,32,79,BB,Pass,,No,Published,,9,9,19,,,,42,,,,NULL,NULL,NULL,16:04.0,15:35.0,NULL,NULL,NULL,NULL
413,62,5,5,NULL,2021,11372,BTECH_ENTCENG_SEM3#2021,3,BTBS301,T2051701372004,5170,0,,,70,70,7,4,28,70,CC,Pass,,No,Published,,9,8,11,,,,42,,,,NULL,NULL,NULL,16:04.0,15:35.0,NULL,NULL,NULL,NULL
414,62,5,5,NULL,2021,11372,BTECH_ENTCENG_SEM3#2021,3,BTBS301,T2051701372005,5170,0,,,80,80,8,4,32,80,BB,Pass,,No,Published,,8,8,20,,,,44,,,,NULL,NULL,NULL,16:04.0,15:35.0,NULL,NULL,NULL,NULL
415,62,5,5,NULL,2021,11372,BTECH_ENTCENG_SEM3#2021,3,BTBS301,T2051701372006,5170,0,,,77,77,8,4,32,77,BB,Pass,,No,Published,,9,9,19,,,,40,,,,NULL,NULL,NULL,16:04.0,15:35.0,NULL,NULL,NULL,NULL
416,62,5,5,NULL,2021,11372,BTECH_ENTCENG_SEM3#2021,3,BTBS301,T2051701372007,5170,0,,,57,57,6,4,24,57,DD,Pass,,No,Published,,8,8,19,,,,22,,,,NULL,NULL,NULL,16:04.0,15:35.0,NULL,NULL,NULL,NULL
417,62,5,5,NULL,2021,11372,BTECH_ENTCENG_SEM3#2021,3,BTBS301,T2051701372008,5170,0,,,72,72,7.5,4,30,72,BC,Pass,,No,Published,,9,9,14,,,,40,,,,NULL,NULL,NULL,16:04.0,15:35.0,NULL,NULL,NULL,NULL
418,62,5,5,NULL,2021,11372,BTECH_ENTCENG_SEM3#2021,3,BTBS301,T2051701372009,5170,0,,,84,84,8.5,4,34,84,AB,Pass,,No,Published,,9,8,19,,,,48,,,,NULL,NULL,NULL,16:04.0,15:35.0,NULL,NULL,NULL,NULL
419,62,5,5,NULL,2021,11612,BTECH_MECHENG_SEM3#2021,3,BTBS301,T2051701612001,5170,0,,,73,73,7.5,4,30,73,BC,Pass,,No,Published,,8,8,18,,,,39,,,,NULL,NULL,NULL,16:04.0,15:35.0,NULL,NULL,NULL,NULL
420,62,5,5,NULL,2021,11612,BTECH_MECHENG_SEM3#2021,3,BTBS301,T2051701612002,5170,0,,,57,57,6,4,24,57,DD,Pass,,No,Published,,8,8,16,,,,25,,,,NULL,NULL,NULL,16:04.0,15:35.0,NULL,NULL,NULL,NULL
421,62,5,5,NULL,2021,11612,BTECH_MECHENG_SEM3#2021,3,BTBS301,T2051701612003,5170,0,,,70,70,7,4,28,70,CC,Pass,,No,Published,,8,8,19,,,,35,,,,NULL,NULL,NULL,16:04.0,15:35.0,NULL,NULL,NULL,NULL
422,62,5,5,NULL,2021,11612,BTECH_MECHENG_SEM3#2021,3,BTBS301,T2051701612004,5170,0,,,64,64,6.5,4,26,64,CD,Pass,,No,Published,,8,8,14,,,,34,,,,NULL,NULL,NULL,16:04.0,15:35.0,NULL,NULL,NULL,NULL
423,62,5,5,NULL,2021,11612,BTECH_MECHENG_SEM3#2021,3,BTBS301,T2051701612005,5170,0,,,57,57,6,4,24,57,DD,Pass,,No,Published,,8,8,17,,,,24,,,,NULL,NULL,NULL,16:04.0,15:35.0,NULL,NULL,NULL,NULL
424,62,5,5,NULL,2021,11612,BTECH_MECHENG_SEM3#2021,3,BTBS301,T2051701612006,5170,0,,,51,51,5.5,4,22,51,DE,Pass,,No,Published,,8,8,19,,,,16,,,,NULL,NULL,NULL,16:04.0,15:35.0,NULL,NULL,NULL,NULL
425,62,5,5,NULL,2021,11245,BTECH_CE_SEM3#2021,3,BTBS301,T2051711245001,5171,0,,,66,66,7,4,28,66,CC,Pass,,No,Published,,8,8,13,,,,37,,,,NULL,NULL,NULL,16:04.0,15:35.0,NULL,NULL,NULL,NULL
426,62,5,5,NULL,2021,11245,BTECH_CE_SEM3#2021,3,BTBS301,T2051711245002,5171,0,,,66,66,7,4,28,66,CC,Pass,,No,Published,,8,9,15,,,,34,,,,NULL,NULL,NULL,16:04.0,15:35.0,NULL,NULL,NULL,NULL
427,62,5,5,NULL,2021,11245,BTECH_CE_SEM3#2021,3,BTBS301,T2051711245003,5171,0,,,74,74,7.5,4,30,74,BC,Pass,,No,Published,,9,8,15,,,,42,,,,NULL,NULL,NULL,16:04.0,15:35.0,NULL,NULL,NULL,NULL
428,62,5,5,NULL,2021,11245,BTECH_CE_SEM3#2021,3,BTBS301,T2051711245005,5171,0,,,81,81,8.5,4,34,81,AB,Pass,,No,Published,,9,8,17,,,,47,,,,NULL,NULL,NULL,16:04.0,15:35.0,NULL,NULL,NULL,NULL
429,62,5,5,NULL,2021,11245,BTECH_CE_SEM3#2021,3,BTBS301,T2051711245006,5171,0,,,72,72,7.5,4,30,72,BC,Pass,,No,Published,,9,9,15,,,,39,,,,NULL,NULL,NULL,16:04.0,15:35.0,NULL,NULL,NULL,NULL
430,62,5,5,NULL,2021,11245,BTECH_CE_SEM3#2021,3,BTBS301,T2051711245007,5171,0,,,83,83,8.5,4,34,83,AB,Pass,,No,Published,,9,9,18,,,,47,,,,NULL,NULL,NULL,16:04.0,15:35.0,NULL,NULL,NULL,NULL
431,62,5,5,NULL,2021,11245,BTECH_CE_SEM3#2021,3,BTBS301,T2051711245008,5171,0,,,74,74,7.5,4,30,74,BC,Pass,,No,Published,,9,8,15,,,,42,,,,NULL,NULL,NULL,16:04.0,15:35.0,NULL,NULL,NULL,NULL
432,62,5,5,NULL,2021,11245,BTECH_CE_SEM3#2021,3,BTBS301,T2051711245009,5171,0,,,40,40,5,4,20,40,EE,Pass,,No,Published,,9,8,7,,,,16,,,,NULL,NULL,NULL,16:04.0,15:35.0,NULL,NULL,NULL,NULL
433,62,5,5,NULL,2021,11245,BTECH_CE_SEM3#2021,3,BTBS301,T2051711245010,5171,0,,,49,49,5,4,20,49,EE,Pass,,No,Published,,8,9,15,,,,17,,,,NULL,NULL,NULL,16:04.0,15:35.0,NULL,NULL,NULL,NULL
434,62,5,5,NULL,2021,11245,BTECH_CE_SEM3#2021,3,BTBS301,T2051711245011,5171,0,,,60,60,6,4,24,60,DD,Pass,,No,Published,,8,8,9,,,,35,,,,NULL,NULL,NULL,16:04.0,15:35.0,NULL,NULL,NULL,NULL
435,62,5,5,NULL,2021,11245,BTECH_CE_SEM3#2021,3,BTBS301,T2051711245012,5171,0,,,63,63,6.5,4,26,63,CD,Pass,,No,Published,,8,8,15,,,,32,,,,NULL,NULL,NULL,16:04.0,15:35.0,NULL,NULL,NULL,NULL
436,62,5,5,NULL,2021,11245,BTECH_CE_SEM3#2021,3,BTBS301,T2051711245013,5171,0,,,70,70,7,4,28,70,CC,Pass,,No,Published,,8,9,16,,,,37,,,,NULL,NULL,NULL,16:04.0,15:35.0,NULL,NULL,NULL,NULL
437,62,5,5,NULL,2021,11245,BTECH_CE_SEM3#2021,3,BTBS301,T2051711245014,5171,0,,,70,70,7,4,28,70,CC,Pass,,No,Published,,9,8,15,,,,38,,,,NULL,NULL,NULL,16:04.0,15:35.0,NULL,NULL,NULL,NULL
438,62,5,5,NULL,2021,11245,BTECH_CE_SEM3#2021,3,BTBS301,T2051711245015,5171,0,,,80,80,8,4,32,80,BB,Pass,,No,Published,,9,8,16,,,,47,,,,NULL,NULL,NULL,16:04.0,15:35.0,NULL,NULL,NULL,NULL
439,62,5,5,NULL,2021,11245,BTECH_CE_SEM3#2021,3,BTBS301,T2051711245016,5171,0,,,78,78,8,4,32,78,BB,Pass,,No,Published,,9,9,16,,,,44,,,,NULL,NULL,NULL,16:04.0,15:35.0,NULL,NULL,NULL,NULL
440,62,5,5,NULL,2021,11245,BTECH_CE_SEM3#2021,3,BTBS301,T2051711245017,5171,0,,,73,73,7.5,4,30,73,BC,Pass,,No,Published,,9,8,15,,,,41,,,,NULL,NULL,NULL,16:04.0,15:35.0,NULL,NULL,NULL,NULL
441,62,5,5,NULL,2021,11245,BTECH_CE_SEM3#2021,3,BTBS301,T2051711245018,5171,0,,,59,59,6,4,24,59,DD,Pass,,No,Published,,8,8,4,,,,39,,,,NULL,NULL,NULL,16:04.0,15:35.0,NULL,NULL,NULL,NULL
442,62,5,5,NULL,2021,11245,BTECH_CE_SEM3#2021,3,BTBS301,T2051711245019,5171,0,,,58,58,6,4,24,58,DD,Pass,,No,Published,,8,9,18,,,,23,,,,NULL,NULL,NULL,16:04.0,15:35.0,NULL,NULL,NULL,NULL
443,62,5,5,NULL,2021,11245,BTECH_CE_SEM3#2021,3,BTBS301,T2051711245020,5171,0,,,36,36,0,0,0,0,NC,Fail,,No,Published,,8,8,AB,,,,20,,,,NULL,NULL,NULL,16:04.0,15:35.0,NULL,NULL,NULL,NULL
444,62,5,5,NULL,2021,11245,BTECH_CE_SEM3#2021,3,BTBS301,T2051711245021,5171,0,,,63,63,6.5,4,26,63,CD,Pass,,No,Published,,8,8,18,,,,29,,,,NULL,NULL,NULL,16:04.0,15:35.0,NULL,NULL,NULL,NULL
445,62,5,5,NULL,2021,11245,BTECH_CE_SEM3#2021,3,BTBS301,T2051711245022,5171,0,,,78,78,8,4,32,78,BB,Pass,,No,Published,,8,7,15,,,,48,,,,NULL,NULL,NULL,16:04.0,15:35.0,NULL,NULL,NULL,NULL
446,62,5,5,NULL,2021,11245,BTECH_CE_SEM3#2021,3,BTBS301,T2051711245023,5171,0,,,83,83,8.5,4,34,83,AB,Pass,,No,Published,,9,9,16,,,,49,,,,NULL,NULL,NULL,16:04.0,15:35.0,NULL,NULL,NULL,NULL
447,62,5,5,NULL,2021,11245,BTECH_CE_SEM3#2021,3,BTBS301,T2051711245024,5171,0,,,62,62,6.5,4,26,62,CD,Pass,,No,Published,,8,8,14,,,,32,,,,NULL,NULL,NULL,16:04.0,15:35.0,NULL,NULL,NULL,NULL
448,62,5,5,NULL,2021,11245,BTECH_CE_SEM3#2021,3,BTBS301,T2051711245025,5171,0,,,48,48,5,4,20,48,EE,Pass,,No,Published,,8,8,16,,,,16,,,,NULL,NULL,NULL,16:04.0,15:35.0,NULL,NULL,NULL,NULL
449,62,5,5,NULL,2021,11245,BTECH_CE_SEM3#2021,3,BTBS301,T2051711245026,5171,0,,,62,62,6.5,4,26,62,CD,Pass,,No,Published,,8,9,16,,,,29,,,,NULL,NULL,NULL,16:04.0,15:35.0,NULL,NULL,NULL,NULL
450,62,5,5,NULL,2021,11245,BTECH_CE_SEM3#2021,3,BTBS301,T2051711245027,5171,0,,,51,51,5.5,4,22,51,DE,Pass,,No,Published,,9,8,14,,,,20,,,,NULL,NULL,NULL,16:04.0,15:35.0,NULL,NULL,NULL,NULL
451,62,5,5,NULL,2021,11245,BTECH_CE_SEM3#2021,3,BTBS301,T2051711245028,5171,0,,,85,85,8.5,4,34,85,AB,Pass,,No,Published,,9,10,15,,,,51,,,,NULL,NULL,NULL,16:04.0,15:35.0,NULL,NULL,NULL,NULL
452,62,5,5,NULL,2021,11245,BTECH_CE_SEM3#2021,3,BTBS301,T2051711245029,5171,0,,,65,65,6.5,4,26,65,CD,Pass,,No,Published,,8,8,12,,,,37,,,,NULL,NULL,NULL,16:04.0,15:35.0,NULL,NULL,NULL,NULL
453,62,5,5,NULL,2021,11245,BTECH_CE_SEM3#2021,3,BTBS301,T2051711245030,5171,0,,,69,69,7,4,28,69,CC,Pass,,No,Published,,8,9,15,,,,37,,,,NULL,NULL,NULL,16:04.0,15:35.0,NULL,NULL,NULL,NULL
454,62,5,5,NULL,2021,11245,BTECH_CE_SEM3#2021,3,BTBS301,T2051711245031,5171,0,,,68,68,7,4,28,68,CC,Pass,,No,Published,,9,9,15,,,,35,,,,NULL,NULL,NULL,16:04.0,15:35.0,NULL,NULL,NULL,NULL
455,62,5,5,NULL,2021,11245,BTECH_CE_SEM3#2021,3,BTBS301,T2051711245032,5171,0,,,51,51,5.5,4,22,51,DE,Pass,,No,Published,,9,8,15,,,,19,,,,NULL,NULL,NULL,16:04.0,15:35.0,NULL,NULL,NULL,NULL
456,62,5,5,NULL,2021,11245,BTECH_CE_SEM3#2021,3,BTBS301,T2051711245033,5171,0,,,71,71,7.5,4,30,71,BC,Pass,,No,Published,,8,9,14,,,,40,,,,NULL,NULL,NULL,16:04.0,15:35.0,NULL,NULL,NULL,NULL
457,62,5,5,NULL,2021,11245,BTECH_CE_SEM3#2021,3,BTBS301,T2051711245034,5171,0,,,70,70,7,4,28,70,CC,Pass,,No,Published,,8,9,15,,,,38,,,,NULL,NULL,NULL,16:04.0,15:35.0,NULL,NULL,NULL,NULL
458,62,5,5,NULL,2021,11245,BTECH_CE_SEM3#2021,3,BTBS301,T2051711245035,5171,0,,,79,79,8,4,32,79,BB,Pass,,No,Published,,8,8,17,,,,46,,,,NULL,NULL,NULL,16:04.0,15:35.0,NULL,NULL,NULL,NULL
459,62,5,5,NULL,2021,11293,BTECH_ELEENG_SEM3#2021,3,BTBS301,T2051711293001,5171,3,-,,37,40,5,4,20,40,EE,Pass,Ordinance 1,No,Published,,8,8,2,,,,19,,,,NULL,NULL,NULL,16:04.0,15:35.0,NULL,NULL,NULL,NULL
460,62,5,5,NULL,2021,11293,BTECH_ELEENG_SEM3#2021,3,BTBS301,T2051711293002,5171,0,,,65,65,6.5,4,26,65,CD,Pass,,No,Published,,9,10,17,,,,29,,,,NULL,NULL,NULL,16:04.0,15:35.0,NULL,NULL,NULL,NULL
461,62,5,5,NULL,2021,11293,BTECH_ELEENG_SEM3#2021,3,BTBS301,T2051711293003,5171,0,,,50,50,5,4,20,50,EE,Pass,,No,Published,,8,8,7,,,,27,,,,NULL,NULL,NULL,16:04.0,15:35.0,NULL,NULL,NULL,NULL
462,62,5,5,NULL,2021,11293,BTECH_ELEENG_SEM3#2021,3,BTBS301,T2051711293004,5171,0,,,58,58,6,4,24,58,DD,Pass,,No,Published,,8,9,10,,,,31,,,,NULL,NULL,NULL,16:04.0,15:35.0,NULL,NULL,NULL,NULL
463,62,5,5,NULL,2021,11372,BTECH_ENTCENG_SEM3#2021,3,BTBS301,T2051711372001,5171,0,,,45,45,5,4,20,45,EE,Pass,,No,Published,,8,8,8,,,,21,,,,NULL,NULL,NULL,16:04.0,15:35.0,NULL,NULL,NULL,NULL
464,62,5,5,NULL,2021,11372,BTECH_ENTCENG_SEM3#2021,3,BTBS301,T2051711372002,5171,0,,,73,73,7.5,4,30,73,BC,Pass,,No,Published,,8,8,10,,,,47,,,,NULL,NULL,NULL,16:04.0,15:35.0,NULL,NULL,NULL,NULL
465,62,5,5,NULL,2021,11612,BTECH_MECHENG_SEM3#2021,3,BTBS301,T2051711612001,5171,0,,,62,62,6.5,4,26,62,CD,Pass,,No,Published,,8,8,8,,,,38,,,,NULL,NULL,NULL,16:04.0,15:35.0,NULL,NULL,NULL,NULL
466,62,5,5,NULL,2021,11612,BTECH_MECHENG_SEM3#2021,3,BTBS301,T2051711612002,5171,0,,,63,63,6.5,4,26,63,CD,Pass,,No,Published,,9,8,8,,,,38,,,,NULL,NULL,NULL,16:04.0,15:35.0,NULL,NULL,NULL,NULL
467,62,5,5,NULL,2021,11612,BTECH_MECHENG_SEM3#2021,3,BTBS301,T2051711612003,5171,0,,,73,73,7.5,4,30,73,BC,Pass,,No,Published,,8,9,18,,,,38,,,,NULL,NULL,NULL,16:04.0,15:35.0,NULL,NULL,NULL,NULL
468,62,5,5,NULL,2021,11612,BTECH_MECHENG_SEM3#2021,3,BTBS301,T2051711612004,5171,0,,,51,51,5.5,4,22,51,DE,Pass,,No,Published,,9,8,9,,,,25,,,,NULL,NULL,NULL,16:04.0,15:35.0,NULL,NULL,NULL,NULL
469,62,5,5,NULL,2021,11612,BTECH_MECHENG_SEM3#2021,3,BTBS301,T2051711612005,5171,0,,,40,40,5,4,20,40,EE,Pass,,No,Published,,8,7,8,,,,17,,,,NULL,NULL,NULL,16:04.0,15:35.0,NULL,NULL,NULL,NULL
470,62,5,5,NULL,2021,11612,BTECH_MECHENG_SEM3#2021,3,BTBS301,T2051711612006,5171,0,,,40,40,5,4,20,40,EE,Pass,,No,Published,,7,8,8,,,,17,,,,NULL,NULL,NULL,16:04.0,15:35.0,NULL,NULL,NULL,NULL
471,62,5,5,NULL,2021,11612,BTECH_MECHENG_SEM3#2021,3,BTBS301,T2051711612007,5171,2,-,,38,40,5,4,20,40,EE,Pass,Ordinance 1,No,Published,,7,7,8,,,,16,,,,NULL,NULL,NULL,16:04.0,15:35.0,NULL,NULL,NULL,NULL
472,62,5,5,NULL,2021,11612,BTECH_MECHENG_SEM3#2021,3,BTBS301,T2051711612008,5171,0,,,42,42,5,4,20,42,EE,Pass,,No,Published,,8,8,8,,,,18,,,,NULL,NULL,NULL,16:04.0,15:35.0,NULL,NULL,NULL,NULL
473,62,5,5,NULL,2021,11612,BTECH_MECHENG_SEM3#2021,3,BTBS301,T2051711612009,5171,0,,,52,52,5.5,4,22,52,DE,Pass,,No,Published,,8,7,9,,,,28,,,,NULL,NULL,NULL,16:04.0,15:35.0,NULL,NULL,NULL,NULL
474,62,5,5,NULL,2021,11612,BTECH_MECHENG_SEM3#2021,3,BTBS301,T2051711612010,5171,0,,,73,73,7.5,4,30,73,BC,Pass,,No,Published,,8,8,17,,,,40,,,,NULL,NULL,NULL,16:04.0,15:35.0,NULL,NULL,NULL,NULL
475,62,5,5,NULL,2021,11245,BTECH_CE_SEM3#2021,3,BTBS301,T2051711612011,5171,0,,,73,73,7.5,4,30,73,BC,Pass,,No,Published,,9,8,17,,,,39,,,,NULL,NULL,NULL,16:04.0,15:35.0,NULL,NULL,NULL,NULL
476,62,5,5,NULL,2021,11612,BTECH_MECHENG_SEM3#2021,3,BTBS301,T2051711612012,5171,0,,,69,69,7,4,28,69,CC,Pass,,No,Published,,9,8,9,,,,43,,,,NULL,NULL,NULL,16:04.0,15:35.0,NULL,NULL,NULL,NULL
477,62,5,5,NULL,2021,11191,BTECH_CIVILENG_SEM3#2021,3,BTBS301,T2054491191001,5449,0,,,63,63,6.5,4,26,63,CD,Pass,,No,Published,,8,7,10,,,,38,,,,NULL,NULL,NULL,16:04.0,15:35.0,NULL,NULL,NULL,NULL
478,62,5,5,NULL,2021,11245,BTECH_CE_SEM3#2021,3,BTBS301,T2054491191002,5449,0,,,85,85,8.5,4,34,85,AB,Pass,,No,Published,,8.5,9,15,,,,52,,,,NULL,NULL,NULL,16:04.0,15:35.0,NULL,NULL,NULL,NULL
479,62,5,5,NULL,2021,11293,BTECH_ELEENG_SEM3#2021,3,BTBS301,T2054491191003,5449,0,,,69,69,7,4,28,69,CC,Pass,,No,Published,,7,8,7,,,,47,,,,NULL,NULL,NULL,16:04.0,15:35.0,NULL,NULL,NULL,NULL
480,62,5,5,NULL,2021,11191,BTECH_CIVILENG_SEM3#2021,3,BTBS301,T2054491191004,5449,0,,,76,76,8,4,32,76,BB,Pass,,No,Published,,5,9,12,,,,50,,,,NULL,NULL,NULL,16:04.0,15:35.0,NULL,NULL,NULL,NULL
481,62,5,5,NULL,2021,11191,BTECH_CIVILENG_SEM3#2021,3,BTBS301,T2054491191006,5449,0,,,67,67,7,4,28,67,CC,Pass,,No,Published,,6,6,13,,,,42,,,,NULL,NULL,NULL,16:04.0,15:35.0,NULL,NULL,NULL,NULL
482,62,5,5,NULL,2021,11191,BTECH_CIVILENG_SEM3#2021,3,BTBS301,T2054491191007,5449,0,,,78,78,8,4,32,78,BB,Pass,,No,Published,,7,9,18,,,,44,,,,NULL,NULL,NULL,16:04.0,15:35.0,NULL,NULL,NULL,NULL
483,62,5,5,NULL,2021,11191,BTECH_CIVILENG_SEM3#2021,3,BTBS301,T2054491191008,5449,0,,,77,77,8,4,32,77,BB,Pass,,No,Published,,6,8,19,,,,44,,,,NULL,NULL,NULL,16:04.0,15:35.0,NULL,NULL,NULL,NULL
484,62,5,5,NULL,2021,11191,BTECH_CIVILENG_SEM3#2021,3,BTBS301,T2054491191009,5449,0,,,54,54,5.5,4,22,54,DE,Pass,,No,Published,,5,8,10,,,,31,,,,NULL,NULL,NULL,16:04.0,15:35.0,NULL,NULL,NULL,NULL
485,62,5,5,NULL,2021,11191,BTECH_CIVILENG_SEM3#2021,3,BTBS301,T2054491191010,5449,0,,,60,60,6,4,24,60,DD,Pass,,No,Published,,6,9,12,,,,33,,,,NULL,NULL,NULL,16:04.0,15:35.0,NULL,NULL,NULL,NULL
486,62,5,5,NULL,2021,11191,BTECH_CIVILENG_SEM3#2021,3,BTBS301,T2054491191011,5449,0,,,50,50,5,4,20,50,EE,Pass,,No,Published,,5,6,10,,,,29,,,,NULL,NULL,NULL,16:04.0,15:35.0,NULL,NULL,NULL,NULL
487,62,5,5,NULL,2021,11191,BTECH_CIVILENG_SEM3#2021,3,BTBS301,T2054491191012,5449,0,,,61,61,6.5,4,26,61,CD,Pass,,No,Published,,7,8,12,,,,34,,,,NULL,NULL,NULL,16:04.0,15:35.0,NULL,NULL,NULL,NULL
488,62,5,5,NULL,2021,11191,BTECH_CIVILENG_SEM3#2021,3,BTBS301,T2054491191013,5449,0,,,69,69,7,4,28,69,CC,Pass,,No,Published,,9,9,17,,,,34,,,,NULL,NULL,NULL,16:04.0,15:35.0,NULL,NULL,NULL,NULL
489,62,5,5,NULL,2021,11191,BTECH_CIVILENG_SEM3#2021,3,BTBS301,T2054491191014,5449,0,,,48,48,5,4,20,48,EE,Pass,,No,Published,,6,8,19,,,,15,,,,NULL,NULL,NULL,16:04.0,15:35.0,NULL,NULL,NULL,NULL
490,62,5,5,NULL,2021,11191,BTECH_CIVILENG_SEM3#2021,3,BTBS301,T2054491191015,5449,0,,,82,82,8.5,4,34,82,AB,Pass,,No,Published,,9,9,18,,,,46,,,,NULL,NULL,NULL,16:04.0,15:35.0,NULL,NULL,NULL,NULL
491,62,5,5,NULL,2021,11191,BTECH_CIVILENG_SEM3#2021,3,BTBS301,T2054491191016,5449,0,,,82,82,8.5,4,34,82,AB,Pass,,No,Published,,8,9,18,,,,47,,,,NULL,NULL,NULL,16:04.0,15:35.0,NULL,NULL,NULL,NULL
492,62,5,5,NULL,2021,11191,BTECH_CIVILENG_SEM3#2021,3,BTBS301,T2054491191017,5449,0,,,79,79,8,4,32,79,BB,Pass,,No,Published,,7,9,16,,,,47,,,,NULL,NULL,NULL,16:04.0,15:35.0,NULL,NULL,NULL,NULL
493,62,5,5,NULL,2021,11191,BTECH_CIVILENG_SEM3#2021,3,BTBS301,T2054491191018,5449,0,,,71,71,7.5,4,30,71,BC,Pass,,No,Published,,6,8,17,,,,40,,,,NULL,NULL,NULL,16:04.0,15:35.0,NULL,NULL,NULL,NULL
494,62,5,5,NULL,2021,11191,BTECH_CIVILENG_SEM3#2021,3,BTBS301,T2054491191019,5449,0,,,70,70,7,4,28,70,CC,Pass,,No,Published,,8,9,17,,,,36,,,,NULL,NULL,NULL,16:04.0,15:35.0,NULL,NULL,NULL,NULL
495,62,5,5,NULL,2021,11191,BTECH_CIVILENG_SEM3#2021,3,BTBS301,T2054491191020,5449,0,,,68,68,7,4,28,68,CC,Pass,,No,Published,,7,8,13,,,,40,,,,NULL,NULL,NULL,16:04.0,15:35.0,NULL,NULL,NULL,NULL
496,62,5,5,NULL,2021,11191,BTECH_CIVILENG_SEM3#2021,3,BTBS301,T2054491191021,5449,0,,,71,71,7.5,4,30,71,BC,Pass,,No,Published,,6,8,16,,,,41,,,,NULL,NULL,NULL,16:04.0,15:35.0,NULL,NULL,NULL,NULL
497,62,5,5,NULL,2021,11191,BTECH_CIVILENG_SEM3#2021,3,BTBS301,T2054491191022,5449,0,,,69,69,7,4,28,69,CC,Pass,,No,Published,,8,9,17,,,,35,,,,NULL,NULL,NULL,16:04.0,15:35.0,NULL,NULL,NULL,NULL
498,62,5,5,NULL,2021,11191,BTECH_CIVILENG_SEM3#2021,3,BTBS301,T2054491191023,5449,0,,,77,77,8,4,32,77,BB,Pass,,No,Published,,5,8,19,,,,45,,,,NULL,NULL,NULL,16:04.0,15:35.0,NULL,NULL,NULL,NULL
499,62,5,5,NULL,2021,11191,BTECH_CIVILENG_SEM3#2021,3,BTBS301,T2054491191024,5449,0,,,87,87,9,4,36,87,AA,Pass,,No,Published,,10,9,20,,,,48,,,,NULL,NULL,NULL,16:04.0,15:35.0,NULL,NULL,NULL,NULL
500,62,5,5,NULL,2021,11191,BTECH_CIVILENG_SEM3#2021,3,BTBS301,T2054491191025,5449,0,,,71,71,7.5,4,30,71,BC,Pass,,No,Published,,6,9,13,,,,43,,,,NULL,NULL,NULL,16:04.0,15:35.0,NULL,NULL,NULL,NULL
501,62,5,5,NULL,2021,11191,BTECH_CIVILENG_SEM3#2021,3,BTBS301,T2054491191026,5449,0,,,83,83,8.5,4,34,83,AB,Pass,,No,Published,,9,9,16,,,,49,,,,NULL,NULL,NULL,16:04.0,15:35.0,NULL,NULL,NULL,NULL
502,62,5,5,NULL,2021,11191,BTECH_CIVILENG_SEM3#2021,3,BTBS301,T2054491191027,5449,0,,,71,71,7.5,4,30,71,BC,Pass,,No,Published,,9,8,10,,,,44,,,,NULL,NULL,NULL,16:04.0,15:35.0,NULL,NULL,NULL,NULL
503,62,5,5,NULL,2021,11191,BTECH_CIVILENG_SEM3#2021,3,BTBS301,T2054491191028,5449,0,,,62,62,6.5,4,26,62,CD,Pass,,No,Published,,7,8,11,,,,36,,,,NULL,NULL,NULL,16:04.0,15:35.0,NULL,NULL,NULL,NULL
504,62,5,5,NULL,2021,11191,BTECH_CIVILENG_SEM3#2021,3,BTBS301,T2054491191029,5449,0,,,73,73,7.5,4,30,73,BC,Pass,,No,Published,,8,8,11,,,,46,,,,NULL,NULL,NULL,16:04.0,15:35.0,NULL,NULL,NULL,NULL
505,62,5,5,NULL,2021,11191,BTECH_CIVILENG_SEM3#2021,3,BTBS301,T2054491191030,5449,0,,,73,73,7.5,4,30,73,BC,Pass,,No,Published,,6,9,12,,,,46,,,,NULL,NULL,NULL,16:04.0,15:35.0,NULL,NULL,NULL,NULL
506,62,5,5,NULL,2021,11191,BTECH_CIVILENG_SEM3#2021,3,BTBS301,T2054491191031,5449,0,,,89,89,9,4,36,89,AA,Pass,,No,Published,,8,10,18,,,,53,,,,NULL,NULL,NULL,16:04.0,15:35.0,NULL,NULL,NULL,NULL
507,62,5,5,NULL,2021,11191,BTECH_CIVILENG_SEM3#2021,3,BTBS301,T2054491191032,5449,0,,,75,75,7.5,4,30,75,BC,Pass,,No,Published,,9,9,13,,,,44,,,,NULL,NULL,NULL,16:04.0,15:35.0,NULL,NULL,NULL,NULL
508,62,5,5,NULL,2021,11191,BTECH_CIVILENG_SEM3#2021,3,BTBS301,T2054491191033,5449,0,,,67,67,7,4,28,67,CC,Pass,,No,Published,,5,9,10,,,,43,,,,NULL,NULL,NULL,16:04.0,15:35.0,NULL,NULL,NULL,NULL
509,62,5,5,NULL,2021,11191,BTECH_CIVILENG_SEM3#2021,3,BTBS301,T2054491191034,5449,0,,,76,76,8,4,32,76,BB,Pass,,No,Published,,7,9,10,,,,50,,,,NULL,NULL,NULL,16:04.0,15:35.0,NULL,NULL,NULL,NULL
510,62,5,5,NULL,2021,11191,BTECH_CIVILENG_SEM3#2021,3,BTBS301,T2054491191035,5449,0,,,75,75,7.5,4,30,75,BC,Pass,,No,Published,,4,9,15,,,,47,,,,NULL,NULL,NULL,16:04.0,15:35.0,NULL,NULL,NULL,NULL
511,62,5,5,NULL,2021,11191,BTECH_CIVILENG_SEM3#2021,3,BTBS301,T2054491191036,5449,0,,,47,47,5,4,20,47,EE,Pass,,No,Published,,6,8,15,,,,18,,,,NULL,NULL,NULL,16:04.0,15:35.0,NULL,NULL,NULL,NULL
512,62,5,5,NULL,2021,11191,BTECH_CIVILENG_SEM3#2021,3,BTBS301,T2054491191037,5449,0,,,74,74,7.5,4,30,74,BC,Pass,,No,Published,,8,9,15,,,,42,,,,NULL,NULL,NULL,16:04.0,15:35.0,NULL,NULL,NULL,NULL
513,62,5,5,NULL,2021,11245,BTECH_CE_SEM3#2021,3,BTBS301,T2054491245001,5449,0,,,81,81,8.5,4,34,81,AB,Pass,,No,Published,,9,9,13,,,,50,,,,NULL,NULL,NULL,16:04.0,15:35.0,NULL,NULL,NULL,NULL
514,62,5,5,NULL,2021,11245,BTECH_CE_SEM3#2021,3,BTBS301,T2054491245002,5449,0,,,78,78,8,4,32,78,BB,Pass,,No,Published,,7,10,13,,,,48,,,,NULL,NULL,NULL,16:04.0,15:35.0,NULL,NULL,NULL,NULL
515,62,5,5,NULL,2021,11245,BTECH_CE_SEM3#2021,3,BTBS301,T2054491245003,5449,0,,,69,69,7,4,28,69,CC,Pass,,No,Published,,7,10,10,,,,42,,,,NULL,NULL,NULL,16:04.0,15:35.0,NULL,NULL,NULL,NULL
516,62,5,5,NULL,2021,11245,BTECH_CE_SEM3#2021,3,BTBS301,T2054491245004,5449,0,,,86,86,9,4,36,86,AA,Pass,,No,Published,,10,10,17,,,,49,,,,NULL,NULL,NULL,16:04.0,15:35.0,NULL,NULL,NULL,NULL
517,62,5,5,NULL,2021,11245,BTECH_CE_SEM3#2021,3,BTBS301,T2054491245005,5449,0,,,74,74,7.5,4,30,74,BC,Pass,,No,Published,,8,9,14,,,,43,,,,NULL,NULL,NULL,16:04.0,15:35.0,NULL,NULL,NULL,NULL
518,62,5,5,NULL,2021,11245,BTECH_CE_SEM3#2021,3,BTBS301,T2054491245006,5449,0,,,85,85,8.5,4,34,85,AB,Pass,,No,Published,,7.5,10,20,,,,47,,,,NULL,NULL,NULL,16:04.0,15:35.0,NULL,NULL,NULL,NULL
519,62,5,5,NULL,2021,11245,BTECH_CE_SEM3#2021,3,BTBS301,T2054491245007,5449,0,,,93,93,10,4,40,93,EX,Pass,,No,Published,,10,9,20,,,,54,,,,NULL,NULL,NULL,16:04.0,15:35.0,NULL,NULL,NULL,NULL
520,62,5,5,NULL,2021,11245,BTECH_CE_SEM3#2021,3,BTBS301,T2054491245008,5449,0,,,86,86,9,4,36,86,AA,Pass,,No,Published,,9.5,9,19,,,,48,,,,NULL,NULL,NULL,16:04.0,15:35.0,NULL,NULL,NULL,NULL
521,62,5,5,NULL,2021,11245,BTECH_CE_SEM3#2021,3,BTBS301,T2054491245009,5449,0,,,82,82,8.5,4,34,82,AB,Pass,,No,Published,,8,9,18,,,,47,,,,NULL,NULL,NULL,16:04.0,15:35.0,NULL,NULL,NULL,NULL
522,62,5,5,NULL,2021,11245,BTECH_CE_SEM3#2021,3,BTBS301,T2054491245010,5449,0,,,83,83,8.5,4,34,83,AB,Pass,,No,Published,,9,9,19,,,,46,,,,NULL,NULL,NULL,16:04.0,15:35.0,NULL,NULL,NULL,NULL
523,62,5,5,NULL,2021,11245,BTECH_CE_SEM3#2021,3,BTBS301,T2054491245011,5449,0,,,86,86,9,4,36,86,AA,Pass,,No,Published,,10,9,19,,,,48,,,,NULL,NULL,NULL,16:04.0,15:35.0,NULL,NULL,NULL,NULL
524,62,5,5,NULL,2021,11245,BTECH_CE_SEM3#2021,3,BTBS301,T2054491245012,5449,0,,,71,71,7.5,4,30,71,BC,Pass,,No,Published,,10,9,19,,,,33,,,,NULL,NULL,NULL,16:04.0,15:35.0,NULL,NULL,NULL,NULL
525,62,5,5,NULL,2021,11245,BTECH_CE_SEM3#2021,3,BTBS301,T2054491245013,5449,0,,,85,85,8.5,4,34,85,AB,Pass,,No,Published,,9,9,18,,,,49,,,,NULL,NULL,NULL,16:04.0,15:35.0,NULL,NULL,NULL,NULL
526,62,5,5,NULL,2021,11245,BTECH_CE_SEM3#2021,3,BTBS301,T2054491245014,5449,0,,,77,77,8,4,32,77,BB,Pass,,No,Published,,8,9,18,,,,42,,,,NULL,NULL,NULL,16:04.0,15:35.0,NULL,NULL,NULL,NULL
527,62,5,5,NULL,2021,11245,BTECH_CE_SEM3#2021,3,BTBS301,T2054491245015,5449,0,,,89,89,9,4,36,89,AA,Pass,,No,Published,,9,9,20,,,,51,,,,NULL,NULL,NULL,16:04.0,15:35.0,NULL,NULL,NULL,NULL
528,62,5,5,NULL,2021,11245,BTECH_CE_SEM3#2021,3,BTBS301,T2054491245016,5449,0,,,82,82,8.5,4,34,82,AB,Pass,,No,Published,,8,9,20,,,,45,,,,NULL,NULL,NULL,16:04.0,15:35.0,NULL,NULL,NULL,NULL
529,62,5,5,NULL,2021,11245,BTECH_CE_SEM3#2021,3,BTBS301,T2054491245017,5449,0,,,86,86,9,4,36,86,AA,Pass,,No,Published,,10,9,19,,,,48,,,,NULL,NULL,NULL,16:04.0,15:35.0,NULL,NULL,NULL,NULL
530,62,5,5,NULL,2021,11245,BTECH_CE_SEM3#2021,3,BTBS301,T2054491245018,5449,0,,,88,88,9,4,36,88,AA,Pass,,No,Published,,8.5,9,19,,,,51,,,,NULL,NULL,NULL,16:04.0,15:35.0,NULL,NULL,NULL,NULL
531,62,5,5,NULL,2021,11245,BTECH_CE_SEM3#2021,3,BTBS301,T2054491245019,5449,0,,,74,74,7.5,4,30,74,BC,Pass,,No,Published,,6,9,13,,,,46,,,,NULL,NULL,NULL,16:04.0,15:35.0,NULL,NULL,NULL,NULL
532,62,5,5,NULL,2021,11245,BTECH_CE_SEM3#2021,3,BTBS301,T2054491245020,5449,0,,,71,71,7.5,4,30,71,BC,Pass,,No,Published,,9,8,10,,,,44,,,,NULL,NULL,NULL,16:04.0,15:35.0,NULL,NULL,NULL,NULL
533,62,5,5,NULL,2021,11245,BTECH_CE_SEM3#2021,3,BTBS301,T2054491245021,5449,0,,,76,76,8,4,32,76,BB,Pass,,No,Published,,7.5,7,13,,,,48,,,,NULL,NULL,NULL,16:04.0,15:35.0,NULL,NULL,NULL,NULL
534,62,5,5,NULL,2021,11245,BTECH_CE_SEM3#2021,3,BTBS301,T2054491245022,5449,0,,,87,87,9,4,36,87,AA,Pass,,No,Published,,9,10,20,,,,48,,,,NULL,NULL,NULL,16:04.0,15:35.0,NULL,NULL,NULL,NULL
535,62,5,5,NULL,2021,11245,BTECH_CE_SEM3#2021,3,BTBS301,T2054491245023,5449,0,,,80,80,8,4,32,80,BB,Pass,,No,Published,,9.5,9,16,,,,45,,,,NULL,NULL,NULL,16:04.0,15:35.0,NULL,NULL,NULL,NULL
536,62,5,5,NULL,2021,11245,BTECH_CE_SEM3#2021,3,BTBS301,T2054491245024,5449,0,,,74,74,7.5,4,30,74,BC,Pass,,No,Published,,7.5,9,17,,,,40,,,,NULL,NULL,NULL,16:04.0,15:35.0,NULL,NULL,NULL,NULL
537,62,5,5,NULL,2021,11245,BTECH_CE_SEM3#2021,3,BTBS301,T2054491245025,5449,0,,,89,89,9,4,36,89,AA,Pass,,No,Published,,10,9,20,,,,50,,,,NULL,NULL,NULL,16:04.0,15:35.0,NULL,NULL,NULL,NULL
538,62,5,5,NULL,2021,11245,BTECH_CE_SEM3#2021,3,BTBS301,T2054491245026,5449,0,,,77,77,8,4,32,77,BB,Pass,,No,Published,,8,9,16,,,,44,,,,NULL,NULL,NULL,16:04.0,15:35.0,NULL,NULL,NULL,NULL
539,62,5,5,NULL,2021,11245,BTECH_CE_SEM3#2021,3,BTBS301,T2054491245027,5449,0,,,87,87,9,4,36,87,AA,Pass,,No,Published,,7,9,20,,,,51,,,,NULL,NULL,NULL,16:04.0,15:35.0,NULL,NULL,NULL,NULL
540,62,5,5,NULL,2021,11245,BTECH_CE_SEM3#2021,3,BTBS301,T2054491245028,5449,0,,,81,81,8.5,4,34,81,AB,Pass,,No,Published,,8,9,17,,,,47,,,,NULL,NULL,NULL,16:04.0,15:35.0,NULL,NULL,NULL,NULL
541,62,5,5,NULL,2021,11245,BTECH_CE_SEM3#2021,3,BTBS301,T2054491245029,5449,0,,,88,88,9,4,36,88,AA,Pass,,No,Published,,9,9,20,,,,50,,,,NULL,NULL,NULL,16:04.0,15:35.0,NULL,NULL,NULL,NULL
542,62,5,5,NULL,2021,11245,BTECH_CE_SEM3#2021,3,BTBS301,T2054491245030,5449,0,,,93,93,10,4,40,93,EX,Pass,,No,Published,,8.5,9,20,,,,55,,,,NULL,NULL,NULL,16:04.0,15:35.0,NULL,NULL,NULL,NULL
543,62,5,5,NULL,2021,11245,BTECH_CE_SEM3#2021,3,BTBS301,T2054491245031,5449,0,,,91,91,10,4,40,91,EX,Pass,,No,Published,,10,9,20,,,,52,,,,NULL,NULL,NULL,16:04.0,15:35.0,NULL,NULL,NULL,NULL
544,62,5,5,NULL,2021,11245,BTECH_CE_SEM3#2021,3,BTBS301,T2054491245032,5449,0,,,75,75,7.5,4,30,75,BC,Pass,,No,Published,,9,9,14,,,,43,,,,NULL,NULL,NULL,16:04.0,15:35.0,NULL,NULL,NULL,NULL
545,62,5,5,NULL,2021,11245,BTECH_CE_SEM3#2021,3,BTBS301,T2054491245033,5449,0,,,89,89,9,4,36,89,AA,Pass,,No,Published,,9.5,9,17,,,,53,,,,NULL,NULL,NULL,16:04.0,15:35.0,NULL,NULL,NULL,NULL
546,62,5,5,NULL,2021,11245,BTECH_CE_SEM3#2021,3,BTBS301,T2054491245034,5449,0,,,78,78,8,4,32,78,BB,Pass,,No,Published,,8,9,18,,,,43,,,,NULL,NULL,NULL,16:04.0,15:35.0,NULL,NULL,NULL,NULL
547,62,5,5,NULL,2021,11245,BTECH_CE_SEM3#2021,3,BTBS301,T2054491245035,5449,0,,,84,84,8.5,4,34,84,AB,Pass,,No,Published,,8,9,19,,,,48,,,,NULL,NULL,NULL,16:04.0,15:35.0,NULL,NULL,NULL,NULL
548,62,5,5,NULL,2021,11245,BTECH_CE_SEM3#2021,3,BTBS301,T2054491245036,5449,0,,,85,85,8.5,4,34,85,AB,Pass,,No,Published,,7.5,10,20,,,,47,,,,NULL,NULL,NULL,16:04.0,15:35.0,NULL,NULL,NULL,NULL
549,62,5,5,NULL,2021,11245,BTECH_CE_SEM3#2021,3,BTBS301,T2054491245037,5449,0,,,89,89,9,4,36,89,AA,Pass,,No,Published,,9,9,18,,,,53,,,,NULL,NULL,NULL,16:04.0,15:35.0,NULL,NULL,NULL,NULL
550,62,5,5,NULL,2021,11245,BTECH_CE_SEM3#2021,3,BTBS301,T2054491245038,5449,0,,,83,83,8.5,4,34,83,AB,Pass,,No,Published,,9.5,9,18,,,,46,,,,NULL,NULL,NULL,16:04.0,15:35.0,NULL,NULL,NULL,NULL
551,62,5,5,NULL,2021,11245,BTECH_CE_SEM3#2021,3,BTBS301,T2054491245039,5449,0,,,80,80,8,4,32,80,BB,Pass,,No,Published,,9.5,9,17,,,,44,,,,NULL,NULL,NULL,16:04.0,15:35.0,NULL,NULL,NULL,NULL
552,62,5,5,NULL,2021,11245,BTECH_CE_SEM3#2021,3,BTBS301,T2054491245040,5449,0,,,66,66,7,4,28,66,CC,Pass,,No,Published,,5,9,18,,,,34,,,,NULL,NULL,NULL,16:04.0,15:35.0,NULL,NULL,NULL,NULL
553,62,5,5,NULL,2021,11245,BTECH_CE_SEM3#2021,3,BTBS301,T2054491245041,5449,0,,,79,79,8,4,32,79,BB,Pass,,No,Published,,6,10,17,,,,46,,,,NULL,NULL,NULL,16:04.0,15:35.0,NULL,NULL,NULL,NULL
554,62,5,5,NULL,2021,11245,BTECH_CE_SEM3#2021,3,BTBS301,T2054491245042,5449,0,,,84,84,8.5,4,34,84,AB,Pass,,No,Published,,8,9,17,,,,50,,,,NULL,NULL,NULL,16:04.0,15:35.0,NULL,NULL,NULL,NULL
555,62,5,5,NULL,2021,11245,BTECH_CE_SEM3#2021,3,BTBS301,T2054491245043,5449,0,,,89,89,9,4,36,89,AA,Pass,,No,Published,,9,9,19,,,,52,,,,NULL,NULL,NULL,16:04.0,15:35.0,NULL,NULL,NULL,NULL
556,62,5,5,NULL,2021,11245,BTECH_CE_SEM3#2021,3,BTBS301,T2054491245044,5449,0,,,87,87,9,4,36,87,AA,Pass,,No,Published,,9,9,20,,,,49,,,,NULL,NULL,NULL,16:04.0,15:35.0,NULL,NULL,NULL,NULL
557,62,5,5,NULL,2021,11245,BTECH_CE_SEM3#2021,3,BTBS301,T2054491245045,5449,0,,,83,83,8.5,4,34,83,AB,Pass,,No,Published,,10,10,15,,,,48,,,,NULL,NULL,NULL,16:04.0,15:35.0,NULL,NULL,NULL,NULL
558,62,5,5,NULL,2021,11245,BTECH_CE_SEM3#2021,3,BTBS301,T2054491245046,5449,0,,,86,86,9,4,36,86,AA,Pass,,No,Published,,9,9,19,,,,49,,,,NULL,NULL,NULL,16:04.0,15:35.0,NULL,NULL,NULL,NULL
559,62,5,5,NULL,2021,11245,BTECH_CE_SEM3#2021,3,BTBS301,T2054491245047,5449,0,,,75,75,7.5,4,30,75,BC,Pass,,No,Published,,6,9,19,,,,41,,,,NULL,NULL,NULL,16:04.0,15:35.0,NULL,NULL,NULL,NULL
560,62,5,5,NULL,2021,11245,BTECH_CE_SEM3#2021,3,BTBS301,T2054491245048,5449,0,,,87,87,9,4,36,87,AA,Pass,,No,Published,,9.5,9,18,,,,50,,,,NULL,NULL,NULL,16:04.0,15:35.0,NULL,NULL,NULL,NULL
561,62,5,5,NULL,2021,11245,BTECH_CE_SEM3#2021,3,BTBS301,T2054491245049,5449,0,,,90,90,9,4,36,90,AA,Pass,,No,Published,,10,9,19,,,,52,,,,NULL,NULL,NULL,16:04.0,15:35.0,NULL,NULL,NULL,NULL
562,62,5,5,NULL,2021,11245,BTECH_CE_SEM3#2021,3,BTBS301,T2054491245050,5449,0,,,78,78,8,4,32,78,BB,Pass,,No,Published,,9.5,9,16,,,,43,,,,NULL,NULL,NULL,16:04.0,15:35.0,NULL,NULL,NULL,NULL
563,62,5,5,NULL,2021,11245,BTECH_CE_SEM3#2021,3,BTBS301,T2054491245051,5449,0,,,89,89,9,4,36,89,AA,Pass,,No,Published,,8.5,9,18,,,,53,,,,NULL,NULL,NULL,16:04.0,15:35.0,NULL,NULL,NULL,NULL
564,62,5,5,NULL,2021,11245,BTECH_CE_SEM3#2021,3,BTBS301,T2054491245052,5449,0,,,88,88,9,4,36,88,AA,Pass,,No,Published,,10,10,20,,,,48,,,,NULL,NULL,NULL,16:04.0,15:35.0,NULL,NULL,NULL,NULL
565,62,5,5,NULL,2021,11245,BTECH_CE_SEM3#2021,3,BTBS301,T2054491245053,5449,0,,,74,74,7.5,4,30,74,BC,Pass,,No,Published,,9,9,10,,,,46,,,,NULL,NULL,NULL,16:04.0,15:35.0,NULL,NULL,NULL,NULL
566,62,5,5,NULL,2021,11245,BTECH_CE_SEM3#2021,3,BTBS301,T2054491245054,5449,0,,,69,69,7,4,28,69,CC,Pass,,No,Published,,7,9,16,,,,37,,,,NULL,NULL,NULL,16:04.0,15:35.0,NULL,NULL,NULL,NULL
567,62,5,5,NULL,2021,11245,BTECH_CE_SEM3#2021,3,BTBS301,T2054491245055,5449,0,,,92,92,10,4,40,92,EX,Pass,,No,Published,,9.5,9,20,,,,53,,,,NULL,NULL,NULL,16:04.0,15:35.0,NULL,NULL,NULL,NULL
568,62,5,5,NULL,2021,11245,BTECH_CE_SEM3#2021,3,BTBS301,T2054491245056,5449,0,,,89,89,9,4,36,89,AA,Pass,,No,Published,,8.5,9,20,,,,51,,,,NULL,NULL,NULL,16:04.0,15:35.0,NULL,NULL,NULL,NULL
569,62,5,5,NULL,2021,11245,BTECH_CE_SEM3#2021,3,BTBS301,T2054491245057,5449,0,,,87,87,9,4,36,87,AA,Pass,,No,Published,,10,10,18,,,,49,,,,NULL,NULL,NULL,16:04.0,15:35.0,NULL,NULL,NULL,NULL
570,62,5,5,NULL,2021,11245,BTECH_CE_SEM3#2021,3,BTBS301,T2054491245058,5449,0,,,95,95,10,4,40,95,EX,Pass,,No,Published,,10,10,19,,,,56,,,,NULL,NULL,NULL,16:04.0,15:35.0,NULL,NULL,NULL,NULL
571,62,5,5,NULL,2021,11245,BTECH_CE_SEM3#2021,3,BTBS301,T2054491245059,5449,0,,,81,81,8.5,4,34,81,AB,Pass,,No,Published,,10,9,16,,,,46,,,,NULL,NULL,NULL,16:04.0,15:35.0,NULL,NULL,NULL,NULL
572,62,5,5,NULL,2021,11245,BTECH_CE_SEM3#2021,3,BTBS301,T2054491245060,5449,0,,,80,80,8,4,32,80,BB,Pass,,No,Published,,8,9,12,,,,51,,,,NULL,NULL,NULL,16:04.0,15:35.0,NULL,NULL,NULL,NULL
573,62,5,5,NULL,2021,11245,BTECH_CE_SEM3#2021,3,BTBS301,T2054491245061,5449,0,,,86,86,9,4,36,86,AA,Pass,,No,Published,,10,9,16,,,,51,,,,NULL,NULL,NULL,16:04.0,15:35.0,NULL,NULL,NULL,NULL
574,62,5,5,NULL,2021,11245,BTECH_CE_SEM3#2021,3,BTBS301,T2054491245062,5449,0,,,90,90,9,4,36,90,AA,Pass,,No,Published,,10,9,18,,,,53,,,,NULL,NULL,NULL,16:04.0,15:35.0,NULL,NULL,NULL,NULL
575,62,5,5,NULL,2021,11246,BTECH_ITENG_SEM3#2021,3,BTBS301,T2054491246001,5449,0,,,65,65,6.5,4,26,65,CD,Pass,,No,Published,,8,6,9,,,,42,,,,NULL,NULL,NULL,16:04.0,15:35.0,NULL,NULL,NULL,NULL
576,62,5,5,NULL,2021,11246,BTECH_ITENG_SEM3#2021,3,BTBS301,T2054491246002,5449,0,,,79,79,8,4,32,79,BB,Pass,,No,Published,,10,6,18,,,,45,,,,NULL,NULL,NULL,16:04.0,15:35.0,NULL,NULL,NULL,NULL
577,62,5,5,NULL,2021,11246,BTECH_ITENG_SEM3#2021,3,BTBS301,T2054491246003,5449,0,,,67,67,7,4,28,67,CC,Pass,,No,Published,,10,5,9,,,,43,,,,NULL,NULL,NULL,16:04.0,15:35.0,NULL,NULL,NULL,NULL
578,62,5,5,NULL,2021,11246,BTECH_ITENG_SEM3#2021,3,BTBS301,T2054491246004,5449,0,,,84,84,8.5,4,34,84,AB,Pass,,No,Published,,10,5,15,,,,54,,,,NULL,NULL,NULL,16:04.0,15:35.0,NULL,NULL,NULL,NULL
579,62,5,5,NULL,2021,11246,BTECH_ITENG_SEM3#2021,3,BTBS301,T2054491246005,5449,0,,,65,65,6.5,4,26,65,CD,Pass,,No,Published,,10,6,4,,,,45,,,,NULL,NULL,NULL,16:04.0,15:35.0,NULL,NULL,NULL,NULL
580,62,5,5,NULL,2021,11246,BTECH_ITENG_SEM3#2021,3,BTBS301,T2054491246006,5449,0,,,70,70,7,4,28,70,CC,Pass,,No,Published,,9,6,9,,,,46,,,,NULL,NULL,NULL,16:04.0,15:35.0,NULL,NULL,NULL,NULL
581,62,5,5,NULL,2021,11246,BTECH_ITENG_SEM3#2021,3,BTBS301,T2054491246007,5449,0,,,84,84,8.5,4,34,84,AB,Pass,,No,Published,,10,6,20,,,,48,,,,NULL,NULL,NULL,16:04.0,15:35.0,NULL,NULL,NULL,NULL
582,62,5,5,NULL,2021,11246,BTECH_ITENG_SEM3#2021,3,BTBS301,T2054491246008,5449,0,,,47,47,5,4,20,47,EE,Pass,,No,Published,,8,6,13,,,,20,,,,NULL,NULL,NULL,16:04.0,15:35.0,NULL,NULL,NULL,NULL
583,62,5,5,NULL,2021,11246,BTECH_ITENG_SEM3#2021,3,BTBS301,T2054491246009,5449,0,,,81,81,8.5,4,34,81,AB,Pass,,No,Published,,10,6,18,,,,47,,,,NULL,NULL,NULL,16:04.0,15:35.0,NULL,NULL,NULL,NULL
584,62,5,5,NULL,2021,11246,BTECH_ITENG_SEM3#2021,3,BTBS301,T2054491246010,5449,0,,,57,57,6,4,24,57,DD,Pass,,No,Published,,8,7,14,,,,28,,,,NULL,NULL,NULL,16:04.0,15:35.0,NULL,NULL,NULL,NULL
585,62,5,5,NULL,2021,11246,BTECH_ITENG_SEM3#2021,3,BTBS301,T2054491246011,5449,0,,,70,70,7,4,28,70,CC,Pass,,No,Published,,10,7,9,,,,44,,,,NULL,NULL,NULL,16:04.0,15:35.0,NULL,NULL,NULL,NULL
586,62,5,5,NULL,2021,11246,BTECH_ITENG_SEM3#2021,3,BTBS301,T2054491246012,5449,0,,,60,60,6,4,24,60,DD,Pass,,No,Published,,9,5,8,,,,38,,,,NULL,NULL,NULL,16:04.0,15:35.0,NULL,NULL,NULL,NULL
587,62,5,5,NULL,2021,11246,BTECH_ITENG_SEM3#2021,3,BTBS301,T2054491246013,5449,0,,,80,80,8,4,32,80,BB,Pass,,No,Published,,10,4,18,,,,48,,,,NULL,NULL,NULL,16:04.0,15:35.0,NULL,NULL,NULL,NULL
588,62,5,5,NULL,2021,11246,BTECH_ITENG_SEM3#2021,3,BTBS301,T2054491246014,5449,0,,,73,73,7.5,4,30,73,BC,Pass,,No,Published,,8,5,14,,,,46,,,,NULL,NULL,NULL,16:04.0,15:35.0,NULL,NULL,NULL,NULL
589,62,5,5,NULL,2021,11246,BTECH_ITENG_SEM3#2021,3,BTBS301,T2054491246015,5449,0,,,68,68,7,4,28,68,CC,Pass,,No,Published,,9,6,11,,,,42,,,,NULL,NULL,NULL,16:04.0,15:35.0,NULL,NULL,NULL,NULL
590,62,5,5,NULL,2021,11246,BTECH_ITENG_SEM3#2021,3,BTBS301,T2054491246016,5449,0,,,58,58,6,4,24,58,DD,Pass,,No,Published,,10,5,7,,,,36,,,,NULL,NULL,NULL,16:04.0,15:35.0,NULL,NULL,NULL,NULL
591,62,5,5,NULL,2021,11246,BTECH_ITENG_SEM3#2021,3,BTBS301,T2054491246017,5449,0,,,67,67,7,4,28,67,CC,Pass,,No,Published,,10,5,8,,,,44,,,,NULL,NULL,NULL,16:04.0,15:35.0,NULL,NULL,NULL,NULL
592,62,5,5,NULL,2021,11246,BTECH_ITENG_SEM3#2021,3,BTBS301,T2054491246018,5449,0,,,70,70,7,4,28,70,CC,Pass,,No,Published,,10,7,7,,,,46,,,,NULL,NULL,NULL,16:04.0,15:35.0,NULL,NULL,NULL,NULL
593,62,5,5,NULL,2021,11246,BTECH_ITENG_SEM3#2021,3,BTBS301,T2054491246020,5449,0,,,70,70,7,4,28,70,CC,Pass,,No,Published,,9,4,14,,,,43,,,,NULL,NULL,NULL,16:04.0,15:35.0,NULL,NULL,NULL,NULL
594,62,5,5,NULL,2021,11246,BTECH_ITENG_SEM3#2021,3,BTBS301,T2054491246021,5449,0,,,62,62,6.5,4,26,62,CD,Pass,,No,Published,,10,6,7,,,,39,,,,NULL,NULL,NULL,16:04.0,15:35.0,NULL,NULL,NULL,NULL
595,62,5,5,NULL,2021,11246,BTECH_ITENG_SEM3#2021,3,BTBS301,T2054491246022,5449,0,,,76,76,8,4,32,76,BB,Pass,,No,Published,,10,4,9,,,,53,,,,NULL,NULL,NULL,16:04.0,15:35.0,NULL,NULL,NULL,NULL
596,62,5,5,NULL,2021,11246,BTECH_ITENG_SEM3#2021,3,BTBS301,T2054491246023,5449,0,,,79,79,8,4,32,79,BB,Pass,,No,Published,,10,8,11,,,,50,,,,NULL,NULL,NULL,16:04.0,15:35.0,NULL,NULL,NULL,NULL
597,62,5,5,NULL,2021,11246,BTECH_ITENG_SEM3#2021,3,BTBS301,T2054491246024,5449,0,,,77,77,8,4,32,77,BB,Pass,,No,Published,,9,6,13,,,,49,,,,NULL,NULL,NULL,16:04.0,15:35.0,NULL,NULL,NULL,NULL
598,62,5,5,NULL,2021,11246,BTECH_ITENG_SEM3#2021,3,BTBS301,T2054491246025,5449,0,,,47,47,5,4,20,47,EE,Pass,,No,Published,,8,5,7,,,,27,,,,NULL,NULL,NULL,16:04.0,15:35.0,NULL,NULL,NULL,NULL
599,62,5,5,NULL,2021,11246,BTECH_ITENG_SEM3#2021,3,BTBS301,T2054491246026,5449,0,,,85,85,8.5,4,34,85,AB,Pass,,No,Published,,10,6,17,,,,52,,,,NULL,NULL,NULL,16:04.0,15:35.0,NULL,NULL,NULL,NULL
600,62,5,5,NULL,2021,11246,BTECH_ITENG_SEM3#2021,3,BTBS301,T2054491246027,5449,0,,,78,78,8,4,32,78,BB,Pass,,No,Published,,10,7,13,,,,48,,,,NULL,NULL,NULL,16:04.0,15:35.0,NULL,NULL,NULL,NULL
601,62,5,5,NULL,2021,11246,BTECH_ITENG_SEM3#2021,3,BTBS301,T2054491246029,5449,0,,,73,73,7.5,4,30,73,BC,Pass,,No,Published,,9,6,14,,,,44,,,,NULL,NULL,NULL,16:04.0,15:35.0,NULL,NULL,NULL,NULL
602,62,5,5,NULL,2021,11246,BTECH_ITENG_SEM3#2021,3,BTBS301,T2054491246030,5449,0,,,69,69,7,4,28,69,CC,Pass,,No,Published,,4,6,14,,,,45,,,,NULL,NULL,NULL,16:04.0,15:35.0,NULL,NULL,NULL,NULL
603,62,5,5,NULL,2021,11246,BTECH_ITENG_SEM3#2021,3,BTBS301,T2054491246031,5449,0,,,67,67,7,4,28,67,CC,Pass,,No,Published,,10,7,16,,,,34,,,,NULL,NULL,NULL,16:04.0,15:35.0,NULL,NULL,NULL,NULL
604,62,5,5,NULL,2021,11246,BTECH_ITENG_SEM3#2021,3,BTBS301,T2054491246032,5449,0,,,77,77,8,4,32,77,BB,Pass,,No,Published,,10,6,19,,,,42,,,,NULL,NULL,NULL,16:04.0,15:35.0,NULL,NULL,NULL,NULL
605,62,5,5,NULL,2021,11246,BTECH_ITENG_SEM3#2021,3,BTBS301,T2054491246033,5449,0,,,57,57,6,4,24,57,DD,Pass,,No,Published,,10,5,13,,,,29,,,,NULL,NULL,NULL,16:04.0,15:35.0,NULL,NULL,NULL,NULL
606,62,5,5,NULL,2021,11246,BTECH_ITENG_SEM3#2021,3,BTBS301,T2054491246034,5449,0,,,78,78,8,4,32,78,BB,Pass,,No,Published,,7,5,17,,,,49,,,,NULL,NULL,NULL,16:04.0,15:35.0,NULL,NULL,NULL,NULL
607,62,5,5,NULL,2021,11246,BTECH_ITENG_SEM3#2021,3,BTBS301,T2054491246035,5449,0,,,73,73,7.5,4,30,73,BC,Pass,,No,Published,,9,6,13,,,,45,,,,NULL,NULL,NULL,16:04.0,15:35.0,NULL,NULL,NULL,NULL
608,62,5,5,NULL,2021,11246,BTECH_ITENG_SEM3#2021,3,BTBS301,T2054491246036,5449,0,,,70,70,7,4,28,70,CC,Pass,,No,Published,,6,4,10,,,,50,,,,NULL,NULL,NULL,16:04.0,15:35.0,NULL,NULL,NULL,NULL
609,62,5,5,NULL,2021,11246,BTECH_ITENG_SEM3#2021,3,BTBS301,T2054491246037,5449,0,,,80,80,8,4,32,80,BB,Pass,,No,Published,,8,7,17,,,,48,,,,NULL,NULL,NULL,16:04.0,15:35.0,NULL,NULL,NULL,NULL
610,62,5,5,NULL,2021,11246,BTECH_ITENG_SEM3#2021,3,BTBS301,T2054491246038,5449,0,,,67,67,7,4,28,67,CC,Pass,,No,Published,,7,6,7,,,,47,,,,NULL,NULL,NULL,16:04.0,15:35.0,NULL,NULL,NULL,NULL
611,62,5,5,NULL,2021,11246,BTECH_ITENG_SEM3#2021,3,BTBS301,T2054491246039,5449,0,,,74,74,7.5,4,30,74,BC,Pass,,No,Published,,9,6,8,,,,51,,,,NULL,NULL,NULL,16:04.0,15:35.0,NULL,NULL,NULL,NULL
612,62,5,5,NULL,2021,11246,BTECH_ITENG_SEM3#2021,3,BTBS301,T2054491246040,5449,0,,,70,70,7,4,28,70,CC,Pass,,No,Published,,7,6,9,,,,48,,,,NULL,NULL,NULL,16:04.0,15:35.0,NULL,NULL,NULL,NULL
613,62,5,5,NULL,2021,11246,BTECH_ITENG_SEM3#2021,3,BTBS301,T2054491246041,5449,0,,,69,69,7,4,28,69,CC,Pass,,No,Published,,8,6,14,,,,41,,,,NULL,NULL,NULL,16:04.0,15:35.0,NULL,NULL,NULL,NULL
614,62,5,5,NULL,2021,11246,BTECH_ITENG_SEM3#2021,3,BTBS301,T2054491246042,5449,0,,,75,75,7.5,4,30,75,BC,Pass,,No,Published,,8,6,14,,,,47,,,,NULL,NULL,NULL,16:04.0,15:35.0,NULL,NULL,NULL,NULL
615,62,5,5,NULL,2021,11246,BTECH_ITENG_SEM3#2021,3,BTBS301,T2054491246043,5449,0,,,71,71,7.5,4,30,71,BC,Pass,,No,Published,,8,5,14,,,,44,,,,NULL,NULL,NULL,16:04.0,15:35.0,NULL,NULL,NULL,NULL
616,62,5,5,NULL,2021,11246,BTECH_ITENG_SEM3#2021,3,BTBS301,T2054491246044,5449,0,,,71,71,7.5,4,30,71,BC,Pass,,No,Published,,8,5,18,,,,40,,,,NULL,NULL,NULL,16:04.0,15:35.0,NULL,NULL,NULL,NULL
617,62,5,5,NULL,2021,11246,BTECH_ITENG_SEM3#2021,3,BTBS301,T2054491246045,5449,0,,,76,76,8,4,32,76,BB,Pass,,No,Published,,10,7,13,,,,46,,,,NULL,NULL,NULL,16:04.0,15:35.0,NULL,NULL,NULL,NULL
618,62,5,5,NULL,2021,11246,BTECH_ITENG_SEM3#2021,3,BTBS301,T2054491246046,5449,0,,,67,67,7,4,28,67,CC,Pass,,No,Published,,8,7,10,,,,42,,,,NULL,NULL,NULL,16:04.0,15:35.0,NULL,NULL,NULL,NULL
619,62,5,5,NULL,2021,11246,BTECH_ITENG_SEM3#2021,3,BTBS301,T2054491246047,5449,0,,,74,74,7.5,4,30,74,BC,Pass,,No,Published,,10,6,10,,,,48,,,,NULL,NULL,NULL,16:04.0,15:35.0,NULL,NULL,NULL,NULL
620,62,5,5,NULL,2021,11246,BTECH_ITENG_SEM3#2021,3,BTBS301,T2054491246048,5449,0,,,73,73,7.5,4,30,73,BC,Pass,,No,Published,,10,6,11,,,,46,,,,NULL,NULL,NULL,16:04.0,15:35.0,NULL,NULL,NULL,NULL
621,62,5,5,NULL,2021,11246,BTECH_ITENG_SEM3#2021,3,BTBS301,T2054491246049,5449,0,,,76,76,8,4,32,76,BB,Pass,,No,Published,,8,6,16,,,,46,,,,NULL,NULL,NULL,16:04.0,15:35.0,NULL,NULL,NULL,NULL
622,62,5,5,NULL,2021,11246,BTECH_ITENG_SEM3#2021,3,BTBS301,T2054491246050,5449,0,,,52,52,5.5,4,22,52,DE,Pass,,No,Published,,7,6,7,,,,32,,,,NULL,NULL,NULL,16:04.0,15:35.0,NULL,NULL,NULL,NULL
623,62,5,5,NULL,2021,11246,BTECH_ITENG_SEM3#2021,3,BTBS301,T2054491246051,5449,3,-,,37,40,5,4,20,40,EE,Pass,Ordinance 1,No,Published,,5,5,8,,,,19,,,,NULL,NULL,NULL,16:04.0,15:35.0,NULL,NULL,NULL,NULL
624,62,5,5,NULL,2021,11246,BTECH_ITENG_SEM3#2021,3,BTBS301,T2054491246052,5449,0,,,69,69,7,4,28,69,CC,Pass,,No,Published,,9,5,15,,,,40,,,,NULL,NULL,NULL,16:04.0,15:35.0,NULL,NULL,NULL,NULL
625,62,5,5,NULL,2021,11246,BTECH_ITENG_SEM3#2021,3,BTBS301,T2054491246053,5449,0,,,65,65,6.5,4,26,65,CD,Pass,,No,Published,,10,7,7,,,,41,,,,NULL,NULL,NULL,16:04.0,15:35.0,NULL,NULL,NULL,NULL
626,62,5,5,NULL,2021,11246,BTECH_ITENG_SEM3#2021,3,BTBS301,T2054491246054,5449,0,,,79,79,8,4,32,79,BB,Pass,,No,Published,,9,7,16,,,,47,,,,NULL,NULL,NULL,16:04.0,15:35.0,NULL,NULL,NULL,NULL
627,62,5,5,NULL,2021,11246,BTECH_ITENG_SEM3#2021,3,BTBS301,T2054491246055,5449,0,,,76,76,8,4,32,76,BB,Pass,,No,Published,,9,5,15,,,,47,,,,NULL,NULL,NULL,16:04.0,15:35.0,NULL,NULL,NULL,NULL
628,62,5,5,NULL,2021,11246,BTECH_ITENG_SEM3#2021,3,BTBS301,T2054491246056,5449,0,,,77,77,8,4,32,77,BB,Pass,,No,Published,,8,7,16,,,,46,,,,NULL,NULL,NULL,16:04.0,15:35.0,NULL,NULL,NULL,NULL
629,62,5,5,NULL,2021,11246,BTECH_ITENG_SEM3#2021,3,BTBS301,T2054491246057,5449,0,,,74,74,7.5,4,30,74,BC,Pass,,No,Published,,10,7,9,,,,48,,,,NULL,NULL,NULL,16:04.0,15:35.0,NULL,NULL,NULL,NULL
630,62,5,5,NULL,2021,11246,BTECH_ITENG_SEM3#2021,3,BTBS301,T2054491246058,5449,0,,,76,76,8,4,32,76,BB,Pass,,No,Published,,9,7,10,,,,50,,,,NULL,NULL,NULL,16:04.0,15:35.0,NULL,NULL,NULL,NULL
631,62,5,5,NULL,2021,11246,BTECH_ITENG_SEM3#2021,3,BTBS301,T2054491246059,5449,0,,,83,83,8.5,4,34,83,AB,Pass,,No,Published,,9,6,20,,,,48,,,,NULL,NULL,NULL,16:04.0,15:35.0,NULL,NULL,NULL,NULL
632,62,5,5,NULL,2021,11246,BTECH_ITENG_SEM3#2021,3,BTBS301,T2054491246060,5449,0,,,73,73,7.5,4,30,73,BC,Pass,,No,Published,,8,6,10,,,,49,,,,NULL,NULL,NULL,16:04.0,15:35.0,NULL,NULL,NULL,NULL
633,62,5,5,NULL,2021,11246,BTECH_ITENG_SEM3#2021,3,BTBS301,T2054491246061,5449,0,,,70,70,7,4,28,70,CC,Pass,,No,Published,,9,7,6,,,,48,,,,NULL,NULL,NULL,16:04.0,15:35.0,NULL,NULL,NULL,NULL
634,62,5,5,NULL,2021,11246,BTECH_ITENG_SEM3#2021,3,BTBS301,T2054491246062,5449,0,,,76,76,8,4,32,76,BB,Pass,,No,Published,,9,6,13,,,,48,,,,NULL,NULL,NULL,16:04.0,15:35.0,NULL,NULL,NULL,NULL
635,62,5,5,NULL,2021,11246,BTECH_ITENG_SEM3#2021,3,BTBS301,T2054491246063,5449,0,,,61,61,6.5,4,26,61,CD,Pass,,No,Published,,6,5,10,,,,40,,,,NULL,NULL,NULL,16:04.0,15:35.0,NULL,NULL,NULL,NULL
636,62,5,5,NULL,2021,11293,BTECH_ELEENG_SEM3#2021,3,BTBS301,T2054491293001,5449,0,,,68,68,7,4,28,68,CC,Pass,,No,Published,,8,9,10,,,,41,,,,NULL,NULL,NULL,16:04.0,15:35.0,NULL,NULL,NULL,NULL
637,62,5,5,NULL,2021,11293,BTECH_ELEENG_SEM3#2021,3,BTBS301,T2054491293002,5449,0,,,60,60,6,4,24,60,DD,Pass,,No,Published,,5,8,10,,,,37,,,,NULL,NULL,NULL,16:04.0,15:35.0,NULL,NULL,NULL,NULL
638,62,5,5,NULL,2021,11293,BTECH_ELEENG_SEM3#2021,3,BTBS301,T2054491293003,5449,0,,,67,67,7,4,28,67,CC,Pass,,No,Published,,7,6,14,,,,40,,,,NULL,NULL,NULL,16:04.0,15:35.0,NULL,NULL,NULL,NULL
639,62,5,5,NULL,2021,11293,BTECH_ELEENG_SEM3#2021,3,BTBS301,T2054491293004,5449,0,,,78,78,8,4,32,78,BB,Pass,,No,Published,,6,6,20,,,,46,,,,NULL,NULL,NULL,16:04.0,15:35.0,NULL,NULL,NULL,NULL
640,62,5,5,NULL,2021,11293,BTECH_ELEENG_SEM3#2021,3,BTBS301,T2054491293005,5449,0,,,71,71,7.5,4,30,71,BC,Pass,,No,Published,,6,8,15,,,,42,,,,NULL,NULL,NULL,16:04.0,15:35.0,NULL,NULL,NULL,NULL
641,62,5,5,NULL,2021,11293,BTECH_ELEENG_SEM3#2021,3,BTBS301,T2054491293006,5449,0,,,45,45,5,4,20,45,EE,Pass,,No,Published,,6,9,7,,,,23,,,,NULL,NULL,NULL,16:04.0,15:35.0,NULL,NULL,NULL,NULL
642,62,5,5,NULL,2021,11293,BTECH_ELEENG_SEM3#2021,3,BTBS301,T2054491293007,5449,0,,,57,57,6,4,24,57,DD,Pass,,No,Published,,4,6,13,,,,34,,,,NULL,NULL,NULL,16:04.0,15:35.0,NULL,NULL,NULL,NULL
643,62,5,5,NULL,2021,11293,BTECH_ELEENG_SEM3#2021,3,BTBS301,T2054491293008,5449,0,,,59,59,6,4,24,59,DD,Pass,,No,Published,,7,9,12,,,,31,,,,NULL,NULL,NULL,16:04.0,15:35.0,NULL,NULL,NULL,NULL
644,62,5,5,NULL,2021,11293,BTECH_ELEENG_SEM3#2021,3,BTBS301,T2054491293009,5449,0,,,69,69,7,4,28,69,CC,Pass,,No,Published,,5,8,12,,,,44,,,,NULL,NULL,NULL,16:04.0,15:35.0,NULL,NULL,NULL,NULL
645,62,5,5,NULL,2021,11293,BTECH_ELEENG_SEM3#2021,3,BTBS301,T2054491293010,5449,0,,,62,62,6.5,4,26,62,CD,Pass,,No,Published,,5,7,10,,,,40,,,,NULL,NULL,NULL,16:04.0,15:35.0,NULL,NULL,NULL,NULL
646,62,5,5,NULL,2021,11293,BTECH_ELEENG_SEM3#2021,3,BTBS301,T2054491293011,5449,0,,,84,84,8.5,4,34,84,AB,Pass,,No,Published,,9,8,20,,,,47,,,,NULL,NULL,NULL,16:04.0,15:35.0,NULL,NULL,NULL,NULL
647,62,5,5,NULL,2021,11246,BTECH_ITENG_SEM3#2021,3,BTBS301,T2054491293012,5449,0,,,73,73,7.5,4,30,73,BC,Pass,,No,Published,,10,4,13,,,,46,,,,NULL,NULL,NULL,16:04.0,15:35.0,NULL,NULL,NULL,NULL
648,62,5,5,NULL,2021,11293,BTECH_ELEENG_SEM3#2021,3,BTBS301,T2054491293013,5449,0,,,73,73,7.5,4,30,73,BC,Pass,,No,Published,,5,6,14,,,,48,,,,NULL,NULL,NULL,16:04.0,15:35.0,NULL,NULL,NULL,NULL
649,62,5,5,NULL,2021,11293,BTECH_ELEENG_SEM3#2021,3,BTBS301,T2054491293014,5449,0,,,73,73,7.5,4,30,73,BC,Pass,,No,Published,,9,9,14,,,,41,,,,NULL,NULL,NULL,16:04.0,15:35.0,NULL,NULL,NULL,NULL
650,62,5,5,NULL,2021,11293,BTECH_ELEENG_SEM3#2021,3,BTBS301,T2054491293015,5449,0,,,84,84,8.5,4,34,84,AB,Pass,,No,Published,,9,8,19,,,,48,,,,NULL,NULL,NULL,16:04.0,15:35.0,NULL,NULL,NULL,NULL
651,62,5,5,NULL,2021,11293,BTECH_ELEENG_SEM3#2021,3,BTBS301,T2054491293016,5449,0,,,59,59,6,4,24,59,DD,Pass,,No,Published,,6,8,10,,,,35,,,,NULL,NULL,NULL,16:04.0,15:35.0,NULL,NULL,NULL,NULL
652,62,5,5,NULL,2021,11293,BTECH_ELEENG_SEM3#2021,3,BTBS301,T2054491293018,5449,0,,,80,80,8,4,32,80,BB,Pass,,No,Published,,7,10,20,,,,43,,,,NULL,NULL,NULL,16:04.0,15:35.0,NULL,NULL,NULL,NULL
653,62,5,5,NULL,2021,11293,BTECH_ELEENG_SEM3#2021,3,BTBS301,T2054491293019,5449,0,,,73,73,7.5,4,30,73,BC,Pass,,No,Published,,7,9,17,,,,40,,,,NULL,NULL,NULL,16:04.0,15:35.0,NULL,NULL,NULL,NULL
654,62,5,5,NULL,2021,11293,BTECH_ELEENG_SEM3#2021,3,BTBS301,T2054491293020,5449,0,,,64,64,6.5,4,26,64,CD,Pass,,No,Published,,8,8,9,,,,39,,,,NULL,NULL,NULL,16:04.0,15:35.0,NULL,NULL,NULL,NULL
655,62,5,5,NULL,2021,11293,BTECH_ELEENG_SEM3#2021,3,BTBS301,T2054491293021,5449,0,,,67,67,7,4,28,67,CC,Pass,,No,Published,,5,9,7,,,,46,,,,NULL,NULL,NULL,16:04.0,15:35.0,NULL,NULL,NULL,NULL
656,62,5,5,NULL,2021,11293,BTECH_ELEENG_SEM3#2021,3,BTBS301,T2054491293022,5449,0,,,69,69,7,4,28,69,CC,Pass,,No,Published,,9,9,14,,,,37,,,,NULL,NULL,NULL,16:04.0,15:35.0,NULL,NULL,NULL,NULL
657,62,5,5,NULL,2021,11293,BTECH_ELEENG_SEM3#2021,3,BTBS301,T2054491293023,5449,0,,,72,72,7.5,4,30,72,BC,Pass,,No,Published,,7,8,11,,,,46,,,,NULL,NULL,NULL,16:04.0,15:35.0,NULL,NULL,NULL,NULL
658,62,5,5,NULL,2021,11612,BTECH_MECHENG_SEM3#2021,3,BTBS301,T2054491612001,5449,0,,,82,82,8.5,4,34,82,AB,Pass,,No,Published,,10,8,19,,,,45,,,,NULL,NULL,NULL,16:04.0,15:35.0,NULL,NULL,NULL,NULL
659,62,5,5,NULL,2021,11612,BTECH_MECHENG_SEM3#2021,3,BTBS301,T2054491612002,5449,0,,,72,72,7.5,4,30,72,BC,Pass,,No,Published,,10,6,19,,,,37,,,,NULL,NULL,NULL,16:04.0,15:35.0,NULL,NULL,NULL,NULL
660,62,5,5,NULL,2021,11612,BTECH_MECHENG_SEM3#2021,3,BTBS301,T2054491612003,5449,0,,,84,84,8.5,4,34,84,AB,Pass,,No,Published,,10,8,16,,,,50,,,,NULL,NULL,NULL,16:04.0,15:35.0,NULL,NULL,NULL,NULL
661,62,5,5,NULL,2021,11612,BTECH_MECHENG_SEM3#2021,3,BTBS301,T2054491612004,5449,0,,,69,69,7,4,28,69,CC,Pass,,No,Published,,10,5,13,,,,41,,,,NULL,NULL,NULL,16:04.0,15:35.0,NULL,NULL,NULL,NULL
662,62,5,5,NULL,2021,11612,BTECH_MECHENG_SEM3#2021,3,BTBS301,T2054491612005,5449,0,,,78,78,8,4,32,78,BB,Pass,,No,Published,,10,8,13,,,,47,,,,NULL,NULL,NULL,16:04.0,15:35.0,NULL,NULL,NULL,NULL
663,62,5,5,NULL,2021,11612,BTECH_MECHENG_SEM3#2021,3,BTBS301,T2054491612006,5449,0,,,90,90,9,4,36,90,AA,Pass,,No,Published,,10,9,19,,,,52,,,,NULL,NULL,NULL,16:04.0,15:35.0,NULL,NULL,NULL,NULL
664,62,5,5,NULL,2021,11293,BTECH_ELEENG_SEM3#2021,3,BTBS301,T2054491612007,5449,0,,,69,69,7,4,28,69,CC,Pass,,No,Published,,5,8,14,,,,42,,,,NULL,NULL,NULL,16:04.0,15:35.0,NULL,NULL,NULL,NULL
665,62,5,5,NULL,2021,11612,BTECH_MECHENG_SEM3#2021,3,BTBS301,T2054491612008,5449,0,,,86,86,9,4,36,86,AA,Pass,,No,Published,,10,8,19,,,,49,,,,NULL,NULL,NULL,16:04.0,15:35.0,NULL,NULL,NULL,NULL
666,62,5,5,NULL,2021,11293,BTECH_ELEENG_SEM3#2021,3,BTBS301,T2054491612009,5449,0,,,58,58,6,4,24,58,DD,Pass,,No,Published,,9,7,5,,,,37,,,,NULL,NULL,NULL,16:04.0,15:35.0,NULL,NULL,NULL,NULL
667,62,5,5,NULL,2021,11612,BTECH_MECHENG_SEM3#2021,3,BTBS301,T2054491612010,5449,0,,,96,96,10,4,40,96,EX,Pass,,No,Published,,10,10,20,,,,56,,,,NULL,NULL,NULL,16:04.0,15:35.0,NULL,NULL,NULL,NULL
668,62,5,5,NULL,2021,11612,BTECH_MECHENG_SEM3#2021,3,BTBS301,T2054491612011,5449,0,,,64,64,6.5,4,26,64,CD,Pass,,No,Published,,10,8,4,,,,42,,,,NULL,NULL,NULL,16:04.0,15:35.0,NULL,NULL,NULL,NULL
669,62,5,5,NULL,2021,11612,BTECH_MECHENG_SEM3#2021,3,BTBS301,T2054491612012,5449,0,,,77,77,8,4,32,77,BB,Pass,,No,Published,,10,9,12,,,,46,,,,NULL,NULL,NULL,16:04.0,15:35.0,NULL,NULL,NULL,NULL
670,62,5,5,NULL,2021,11612,BTECH_MECHENG_SEM3#2021,3,BTBS301,T2054491612013,5449,0,,,58,58,6,4,24,58,DD,Pass,,No,Published,,10,8,5,,,,35,,,,NULL,NULL,NULL,16:04.0,15:35.0,NULL,NULL,NULL,NULL
671,62,5,5,NULL,2021,11612,BTECH_MECHENG_SEM3#2021,3,BTBS301,T2054491612014,5449,0,,,91,91,10,4,40,91,EX,Pass,,No,Published,,10,10,17,,,,54,,,,NULL,NULL,NULL,16:04.0,15:35.0,NULL,NULL,NULL,NULL
672,62,5,5,NULL,2021,11612,BTECH_MECHENG_SEM3#2021,3,BTBS301,T2054491612015,5449,0,,,70,70,7,4,28,70,CC,Pass,,No,Published,,9,8,13,,,,40,,,,NULL,NULL,NULL,16:04.0,15:35.0,NULL,NULL,NULL,NULL
673,62,5,5,NULL,2021,11612,BTECH_MECHENG_SEM3#2021,3,BTBS301,T2054491612016,5449,0,,,71,71,7.5,4,30,71,BC,Pass,,No,Published,,10,9,5,,,,47,,,,NULL,NULL,NULL,16:04.0,15:35.0,NULL,NULL,NULL,NULL
674,62,5,5,NULL,2021,11612,BTECH_MECHENG_SEM3#2021,3,BTBS301,T2054491612017,5449,0,,,83,83,8.5,4,34,83,AB,Pass,,No,Published,,10,8,17,,,,48,,,,NULL,NULL,NULL,16:04.0,15:35.0,NULL,NULL,NULL,NULL
675,62,5,5,NULL,2021,11191,BTECH_CIVILENG_SEM3#2021,3,BTBS301,T2062171191001,6217,0,,,81,81,8.5,4,34,81,AB,Pass,,No,Published,,10,9,16,,,,46,,,,NULL,NULL,NULL,16:04.0,15:35.0,NULL,NULL,NULL,NULL
676,62,5,5,NULL,2021,11191,BTECH_CIVILENG_SEM3#2021,3,BTBS301,T2062171191002,6217,0,,,61,61,6.5,4,26,61,CD,Pass,,No,Published,,5,7,10,,,,39,,,,NULL,NULL,NULL,16:04.0,15:35.0,NULL,NULL,NULL,NULL
677,62,5,5,NULL,2021,11191,BTECH_CIVILENG_SEM3#2021,3,BTBS301,T2062171191003,6217,0,,,70,70,7,4,28,70,CC,Pass,,No,Published,,10,9,16,,,,35,,,,NULL,NULL,NULL,16:04.0,15:35.0,NULL,NULL,NULL,NULL
678,62,5,5,NULL,2021,11191,BTECH_CIVILENG_SEM3#2021,3,BTBS301,T2062171191004,6217,0,,,27,27,0,0,0,0,NC,Fail,,No,Published,,8,8,11,,,,,,,,NULL,NULL,NULL,16:04.0,15:35.0,NULL,NULL,NULL,NULL
679,62,5,5,NULL,2021,11191,BTECH_CIVILENG_SEM3#2021,3,BTBS301,T2062171191005,6217,0,,,23,23,0,0,0,0,NC,Fail,,No,Published,,5,8,10,,,,,,,,NULL,NULL,NULL,16:04.0,15:35.0,NULL,NULL,NULL,NULL
680,62,5,5,NULL,2021,11242,BTECH_CSENG_SEM3#2021,3,BTBS301,T2062171242001,6217,0,,,73,73,7.5,4,30,73,BC,Pass,,No,Published,,5,7,20,,,,41,,,,NULL,NULL,NULL,16:04.0,15:35.0,NULL,NULL,NULL,NULL
681,62,5,5,NULL,2021,11242,BTECH_CSENG_SEM3#2021,3,BTBS301,T2062171242002,6217,0,,,69,69,7,4,28,69,CC,Pass,,No,Published,,5,6,20,,,,38,,,,NULL,NULL,NULL,16:04.0,15:35.0,NULL,NULL,NULL,NULL
682,62,5,5,NULL,2021,11242,BTECH_CSENG_SEM3#2021,3,BTBS301,T2062171242003,6217,0,,,69,69,7,4,28,69,CC,Pass,,No,Published,,5,9,10,,,,45,,,,NULL,NULL,NULL,16:04.0,15:35.0,NULL,NULL,NULL,NULL
683,62,5,5,NULL,2021,11242,BTECH_CSENG_SEM3#2021,3,BTBS301,T2062171242004,6217,0,,,55,55,5.5,4,22,55,DE,Pass,,No,Published,,5,8,12,,,,30,,,,NULL,NULL,NULL,16:04.0,15:35.0,NULL,NULL,NULL,NULL
684,62,5,5,NULL,2021,11242,BTECH_CSENG_SEM3#2021,3,BTBS301,T2062171242005,6217,0,,,72,72,7.5,4,30,72,BC,Pass,,No,Published,,5,8,11,,,,48,,,,NULL,NULL,NULL,16:04.0,15:35.0,NULL,NULL,NULL,NULL
685,62,5,5,NULL,2021,11242,BTECH_CSENG_SEM3#2021,3,BTBS301,T2062171242006,6217,0,,,58,58,6,4,24,58,DD,Pass,,No,Published,,5,9,10,,,,34,,,,NULL,NULL,NULL,16:04.0,15:35.0,NULL,NULL,NULL,NULL
686,62,5,5,NULL,2021,11242,BTECH_CSENG_SEM3#2021,3,BTBS301,T2062171242007,6217,0,,,64,64,6.5,4,26,64,CD,Pass,,No,Published,,5,6,12,,,,41,,,,NULL,NULL,NULL,16:04.0,15:35.0,NULL,NULL,NULL,NULL
687,62,5,5,NULL,2021,11242,BTECH_CSENG_SEM3#2021,3,BTBS301,T2062171242008,6217,0,,,52,52,5.5,4,22,52,DE,Pass,,No,Published,,5,8,16,,,,23,,,,NULL,NULL,NULL,16:04.0,15:35.0,NULL,NULL,NULL,NULL
688,62,5,5,NULL,2021,11242,BTECH_CSENG_SEM3#2021,3,BTBS301,T2062171242009,6217,0,,,72,72,7.5,4,30,72,BC,Pass,,No,Published,,5,6,18,,,,43,,,,NULL,NULL,NULL,16:04.0,15:35.0,NULL,NULL,NULL,NULL
689,62,5,5,NULL,2021,11242,BTECH_CSENG_SEM3#2021,3,BTBS301,T2062171242010,6217,0,,,85,85,8.5,4,34,85,AB,Pass,,No,Published,,8,8,20,,,,49,,,,NULL,NULL,NULL,16:04.0,15:35.0,NULL,NULL,NULL,NULL
690,62,5,5,NULL,2021,11242,BTECH_CSENG_SEM3#2021,3,BTBS301,T2062171242011,6217,0,,,75,75,7.5,4,30,75,BC,Pass,,No,Published,,5,7,12,,,,51,,,,NULL,NULL,NULL,16:04.0,15:35.0,NULL,NULL,NULL,NULL
691,62,5,5,NULL,2021,11242,BTECH_CSENG_SEM3#2021,3,BTBS301,T2062171242012,6217,0,,,71,71,7.5,4,30,71,BC,Pass,,No,Published,,6,8,14,,,,43,,,,NULL,NULL,NULL,16:04.0,15:35.0,NULL,NULL,NULL,NULL
692,62,5,5,NULL,2021,11242,BTECH_CSENG_SEM3#2021,3,BTBS301,T2062171242013,6217,0,,,76,76,8,4,32,76,BB,Pass,,No,Published,,5,8,12,,,,51,,,,NULL,NULL,NULL,16:04.0,15:35.0,NULL,NULL,NULL,NULL
693,62,5,5,NULL,2021,11242,BTECH_CSENG_SEM3#2021,3,BTBS301,T2062171242014,6217,0,,,73,73,7.5,4,30,73,BC,Pass,,No,Published,,5,8,12,,,,48,,,,NULL,NULL,NULL,16:04.0,15:35.0,NULL,NULL,NULL,NULL
694,62,5,5,NULL,2021,11242,BTECH_CSENG_SEM3#2021,3,BTBS301,T2062171242015,6217,0,,,43,43,5,4,20,43,EE,Pass,,No,Published,,6,5,15,,,,17,,,,NULL,NULL,NULL,16:04.0,15:35.0,NULL,NULL,NULL,NULL
695,62,5,5,NULL,2021,11242,BTECH_CSENG_SEM3#2021,3,BTBS301,T2062171242016,6217,0,,,66,66,7,4,28,66,CC,Pass,,No,Published,,5,8,13,,,,40,,,,NULL,NULL,NULL,16:04.0,15:35.0,NULL,NULL,NULL,NULL
696,62,5,5,NULL,2021,11242,BTECH_CSENG_SEM3#2021,3,BTBS301,T2062171242017,6217,0,,,78,78,8,4,32,78,BB,Pass,,No,Published,,5,8,20,,,,45,,,,NULL,NULL,NULL,16:04.0,15:35.0,NULL,NULL,NULL,NULL
697,62,5,5,NULL,2021,11242,BTECH_CSENG_SEM3#2021,3,BTBS301,T2062171242018,6217,0,,,57,57,6,4,24,57,DD,Pass,,No,Published,,5,9,10,,,,33,,,,NULL,NULL,NULL,16:04.0,15:35.0,NULL,NULL,NULL,NULL
698,62,5,5,NULL,2021,11242,BTECH_CSENG_SEM3#2021,3,BTBS301,T2062171242019,6217,0,,,57,57,6,4,24,57,DD,Pass,,No,Published,,5,8,16,,,,28,,,,NULL,NULL,NULL,16:04.0,15:35.0,NULL,NULL,NULL,NULL
699,62,5,5,NULL,2021,11242,BTECH_CSENG_SEM3#2021,3,BTBS301,T2062171242020,6217,0,,,69,69,7,4,28,69,CC,Pass,,No,Published,,5,6,12,,,,46,,,,NULL,NULL,NULL,16:04.0,15:35.0,NULL,NULL,NULL,NULL
700,62,5,5,NULL,2021,11242,BTECH_CSENG_SEM3#2021,3,BTBS301,T2062171242021,6217,0,,,70,70,7,4,28,70,CC,Pass,,No,Published,,5,8,12,,,,45,,,,NULL,NULL,NULL,16:04.0,15:35.0,NULL,NULL,NULL,NULL
701,62,5,5,NULL,2021,11242,BTECH_CSENG_SEM3#2021,3,BTBS301,T2062171242022,6217,0,,,78,78,8,4,32,78,BB,Pass,,No,Published,,5,8,20,,,,45,,,,NULL,NULL,NULL,16:04.0,15:35.0,NULL,NULL,NULL,NULL
702,62,5,5,NULL,2021,11242,BTECH_CSENG_SEM3#2021,3,BTBS301,T2062171242023,6217,0,,,85,85,8.5,4,34,85,AB,Pass,,No,Published,,9,9,20,,,,47,,,,NULL,NULL,NULL,16:04.0,15:35.0,NULL,NULL,NULL,NULL
703,62,5,5,NULL,2021,11242,BTECH_CSENG_SEM3#2021,3,BTBS301,T2062171242024,6217,0,,,79,79,8,4,32,79,BB,Pass,,No,Published,,6,5,20,,,,48,,,,NULL,NULL,NULL,16:04.0,15:35.0,NULL,NULL,NULL,NULL
704,62,5,5,NULL,2021,11242,BTECH_CSENG_SEM3#2021,3,BTBS301,T2062171242026,6217,0,,,63,63,6.5,4,26,63,CD,Pass,,No,Published,,5,9,16,,,,33,,,,NULL,NULL,NULL,16:04.0,15:35.0,NULL,NULL,NULL,NULL
705,62,5,5,NULL,2021,11242,BTECH_CSENG_SEM3#2021,3,BTBS301,T2062171242027,6217,0,,,73,73,7.5,4,30,73,BC,Pass,,No,Published,,5,6,12,,,,50,,,,NULL,NULL,NULL,16:04.0,15:35.0,NULL,NULL,NULL,NULL
706,62,5,5,NULL,2021,11242,BTECH_CSENG_SEM3#2021,3,BTBS301,T2062171242028,6217,0,,,77,77,8,4,32,77,BB,Pass,,No,Published,,5,8,12,,,,52,,,,NULL,NULL,NULL,16:04.0,15:35.0,NULL,NULL,NULL,NULL
707,62,5,5,NULL,2021,11242,BTECH_CSENG_SEM3#2021,3,BTBS301,T2062171242029,6217,0,,,71,71,7.5,4,30,71,BC,Pass,,No,Published,,5,8,12,,,,46,,,,NULL,NULL,NULL,16:04.0,15:35.0,NULL,NULL,NULL,NULL
708,62,5,5,NULL,2021,11242,BTECH_CSENG_SEM3#2021,3,BTBS301,T2062171242030,6217,0,,,52,52,5.5,4,22,52,DE,Pass,,No,Published,,5,9,10,,,,28,,,,NULL,NULL,NULL,16:04.0,15:35.0,NULL,NULL,NULL,NULL
709,62,5,5,NULL,2021,11242,BTECH_CSENG_SEM3#2021,3,BTBS301,T2062171242031,6217,0,,,72,72,7.5,4,30,72,BC,Pass,,No,Published,,5,8,17,,,,42,,,,NULL,NULL,NULL,16:04.0,15:35.0,NULL,NULL,NULL,NULL
710,62,5,5,NULL,2021,11293,BTECH_ELEENG_SEM3#2021,3,BTBS301,T2062171293001,6217,0,,,68,68,7,4,28,68,CC,Pass,,No,Published,,7,7,10,,,,44,,,,NULL,NULL,NULL,16:04.0,15:35.0,NULL,NULL,NULL,NULL
711,62,5,5,NULL,2021,11293,BTECH_ELEENG_SEM3#2021,3,BTBS301,T2062171293002,6217,0,,,55,55,5.5,4,22,55,DE,Pass,,No,Published,,7,6,18,,,,24,,,,NULL,NULL,NULL,16:04.0,15:35.0,NULL,NULL,NULL,NULL
712,62,5,5,NULL,2021,11293,BTECH_ELEENG_SEM3#2021,3,BTBS301,T2062171293003,6217,0,,,59,59,6,4,24,59,DD,Pass,,No,Published,,8,8,18,,,,25,,,,NULL,NULL,NULL,16:04.0,15:35.0,NULL,NULL,NULL,NULL
713,62,5,5,NULL,2021,11293,BTECH_ELEENG_SEM3#2021,3,BTBS301,T2062171293004,6217,0,,,79,79,8,4,32,79,BB,Pass,,No,Published,,9,8,18,,,,44,,,,NULL,NULL,NULL,16:04.0,15:35.0,NULL,NULL,NULL,NULL
714,62,5,5,NULL,2021,11293,BTECH_ELEENG_SEM3#2021,3,BTBS301,T2062171293005,6217,0,,,83,83,8.5,4,34,83,AB,Pass,,No,Published,,9,8,19,,,,47,,,,NULL,NULL,NULL,16:04.0,15:35.0,NULL,NULL,NULL,NULL
715,62,5,5,NULL,2021,11293,BTECH_ELEENG_SEM3#2021,3,BTBS301,T2062171293006,6217,0,,,77,77,8,4,32,77,BB,Pass,,No,Published,,10,8,19,,,,40,,,,NULL,NULL,NULL,16:04.0,15:35.0,NULL,NULL,NULL,NULL
716,62,5,5,NULL,2021,11372,BTECH_ENTCENG_SEM3#2021,3,BTBS301,T2062171372001,6217,0,,,83,83,8.5,4,34,83,AB,Pass,,No,Published,,10,9,20,,,,44,,,,NULL,NULL,NULL,16:04.0,15:35.0,NULL,NULL,NULL,NULL
717,62,5,5,NULL,2021,11612,BTECH_MECHENG_SEM3#2021,3,BTBS301,T2062171612001,6217,0,,,67,67,7,4,28,67,CC,Pass,,No,Published,,7,9,18,,,,33,,,,NULL,NULL,NULL,16:04.0,15:35.0,NULL,NULL,NULL,NULL
718,62,5,5,NULL,2021,11612,BTECH_MECHENG_SEM3#2021,3,BTBS301,T2062171612003,6217,0,,,68,68,7,4,28,68,CC,Pass,,No,Published,,6,8,20,,,,34,,,,NULL,NULL,NULL,16:04.0,15:35.0,NULL,NULL,NULL,NULL
719,62,5,5,NULL,2021,11242,BTECH_CSENG_SEM3#2021,3,BTBS301,T2062191242001,6219,0,,,66,66,7,4,28,66,CC,Pass,,No,Published,,8,7,12,,,,39,,,,NULL,NULL,NULL,16:04.0,15:35.0,NULL,NULL,NULL,NULL
720,62,5,5,NULL,2021,11242,BTECH_CSENG_SEM3#2021,3,BTBS301,T2062191242002,6219,0,,,86,86,9,4,36,86,AA,Pass,,No,Published,,10,10,18,,,,48,,,,NULL,NULL,NULL,16:04.0,15:35.0,NULL,NULL,NULL,NULL
721,62,5,5,NULL,2021,11242,BTECH_CSENG_SEM3#2021,3,BTBS301,T2062191242003,6219,0,,,61,61,6.5,4,26,61,CD,Pass,,No,Published,,9,8,14,,,,30,,,,NULL,NULL,NULL,16:04.0,15:35.0,NULL,NULL,NULL,NULL
722,62,5,5,NULL,2021,11293,BTECH_ELEENG_SEM3#2021,3,BTBS301,T2062191293001,6219,0,,,77,77,8,4,32,77,BB,Pass,,No,Published,,10,10,18,,,,39,,,,NULL,NULL,NULL,16:04.0,15:35.0,NULL,NULL,NULL,NULL
723,62,5,5,NULL,2021,11372,BTECH_ENTCENG_SEM3#2021,3,BTBS301,T2062231191001,6223,0,,,85,85,8.5,4,34,85,AB,Pass,,No,Published,,9,10,18,,,,48,,,,NULL,NULL,NULL,16:04.0,15:35.0,NULL,NULL,NULL,NULL
724,62,5,5,NULL,2021,11191,BTECH_CIVILENG_SEM3#2021,3,BTBS301,T2062231191002,6223,0,,,41,41,5,4,20,41,EE,Pass,,No,Published,,6,10,10,,,,15,,,,NULL,NULL,NULL,16:04.0,15:35.0,NULL,NULL,NULL,NULL
725,62,5,5,NULL,2021,11191,BTECH_CIVILENG_SEM3#2021,3,BTBS301,T2062231191003,6223,0,,,79,79,8,4,32,79,BB,Pass,,No,Published,,8,9,15,,,,47,,,,NULL,NULL,NULL,16:04.0,15:35.0,NULL,NULL,NULL,NULL
726,62,5,5,NULL,2021,11191,BTECH_CIVILENG_SEM3#2021,3,BTBS301,T2062231191004,6223,0,,,78,78,8,4,32,78,BB,Pass,,No,Published,,8,9,15,,,,46,,,,NULL,NULL,NULL,16:04.0,15:35.0,NULL,NULL,NULL,NULL
727,62,5,5,NULL,2021,11191,BTECH_CIVILENG_SEM3#2021,3,BTBS301,T2062231191005,6223,0,,,68,68,7,4,28,68,CC,Pass,,No,Published,,8,9,10,,,,41,,,,NULL,NULL,NULL,16:04.0,15:35.0,NULL,NULL,NULL,NULL
728,62,5,5,NULL,2021,11191,BTECH_CIVILENG_SEM3#2021,3,BTBS301,T2062231191006,6223,0,,,68,68,7,4,28,68,CC,Pass,,No,Published,,8,9,17,,,,34,,,,NULL,NULL,NULL,16:04.0,15:35.0,NULL,NULL,NULL,NULL
729,62,5,5,NULL,2021,11191,BTECH_CIVILENG_SEM3#2021,3,BTBS301,T2062231191007,6223,0,,,69,69,7,4,28,69,CC,Pass,,No,Published,,6,9,17,,,,37,,,,NULL,NULL,NULL,16:04.0,15:35.0,NULL,NULL,NULL,NULL
730,62,5,5,NULL,2021,11191,BTECH_CIVILENG_SEM3#2021,3,BTBS301,T2062231191008,6223,0,,,84,84,8.5,4,34,84,AB,Pass,,No,Published,,9,10,18,,,,47,,,,NULL,NULL,NULL,16:04.0,15:35.0,NULL,NULL,NULL,NULL
731,62,5,5,NULL,2021,11191,BTECH_CIVILENG_SEM3#2021,3,BTBS301,T2062231191009,6223,0,,,73,73,7.5,4,30,73,BC,Pass,,No,Published,,7,9,16,,,,41,,,,NULL,NULL,NULL,16:04.0,15:35.0,NULL,NULL,NULL,NULL
732,62,5,5,NULL,2021,11191,BTECH_CIVILENG_SEM3#2021,3,BTBS301,T2062231191010,6223,0,,,68,68,7,4,28,68,CC,Pass,,No,Published,,7,9,15,,,,37,,,,NULL,NULL,NULL,16:04.0,15:35.0,NULL,NULL,NULL,NULL
733,62,5,5,NULL,2021,11191,BTECH_CIVILENG_SEM3#2021,3,BTBS301,T2062231191011,6223,0,,,76,76,8,4,32,76,BB,Pass,,No,Published,,8,9,17,,,,42,,,,NULL,NULL,NULL,16:04.0,15:35.0,NULL,NULL,NULL,NULL
734,62,5,5,NULL,2021,11191,BTECH_CIVILENG_SEM3#2021,3,BTBS301,T2062231191012,6223,0,,,83,83,8.5,4,34,83,AB,Pass,,No,Published,,8,9,17,,,,49,,,,NULL,NULL,NULL,16:04.0,15:35.0,NULL,NULL,NULL,NULL
735,62,5,5,NULL,2021,11191,BTECH_CIVILENG_SEM3#2021,3,BTBS301,T2062231191013,6223,0,,,52,52,5.5,4,22,52,DE,Pass,,No,Published,,4,5,8,,,,35,,,,NULL,NULL,NULL,16:04.0,15:35.0,NULL,NULL,NULL,NULL
736,62,5,5,NULL,2021,11191,BTECH_CIVILENG_SEM3#2021,3,BTBS301,T2062231191014,6223,0,,,84,84,8.5,4,34,84,AB,Pass,,No,Published,,7,10,16,,,,51,,,,NULL,NULL,NULL,16:04.0,15:35.0,NULL,NULL,NULL,NULL
737,62,5,5,NULL,2021,11191,BTECH_CIVILENG_SEM3#2021,3,BTBS301,T2062231191015,6223,0,,,70,70,7,4,28,70,CC,Pass,,No,Published,,6,10,10,,,,44,,,,NULL,NULL,NULL,16:04.0,15:35.0,NULL,NULL,NULL,NULL
738,62,5,5,NULL,2021,11191,BTECH_CIVILENG_SEM3#2021,3,BTBS301,T2062231191016,6223,0,,,67,67,7,4,28,67,CC,Pass,,No,Published,,8,6,11,,,,42,,,,NULL,NULL,NULL,16:04.0,15:35.0,NULL,NULL,NULL,NULL
739,62,5,5,NULL,2021,11191,BTECH_CIVILENG_SEM3#2021,3,BTBS301,T2062231191017,6223,0,,,52,52,5.5,4,22,52,DE,Pass,,No,Published,,8,9,17,,,,18,,,,NULL,NULL,NULL,16:04.0,15:35.0,NULL,NULL,NULL,NULL
740,62,5,5,NULL,2021,11191,BTECH_CIVILENG_SEM3#2021,3,BTBS301,T2062231191018,6223,0,,,69,69,7,4,28,69,CC,Pass,,No,Published,,5,5,17,,,,42,,,,NULL,NULL,NULL,16:04.0,15:35.0,NULL,NULL,NULL,NULL
741,62,5,5,NULL,2021,11191,BTECH_CIVILENG_SEM3#2021,3,BTBS301,T2062231191019,6223,0,,,67,67,7,4,28,67,CC,Pass,,No,Published,,7,10,15,,,,35,,,,NULL,NULL,NULL,16:04.0,15:35.0,NULL,NULL,NULL,NULL
742,62,5,5,NULL,2021,11372,BTECH_ENTCENG_SEM3#2021,3,BTBS301,T2062231191020,6223,0,,,42,42,5,4,20,42,EE,Pass,,No,Published,,8,7,16,,,,11,,,,NULL,NULL,NULL,16:04.0,15:35.0,NULL,NULL,NULL,NULL
743,62,5,5,NULL,2021,11191,BTECH_CIVILENG_SEM3#2021,3,BTBS301,T2062231191021,6223,0,,,64,64,6.5,4,26,64,CD,Pass,,No,Published,,8,8,14,,,,34,,,,NULL,NULL,NULL,16:04.0,15:35.0,NULL,NULL,NULL,NULL
744,62,5,5,NULL,2021,11242,BTECH_CSENG_SEM3#2021,3,BTBS301,T2062231242001,6223,0,,,78,78,8,4,32,78,BB,Pass,,No,Published,,8,9,17,,,,44,,,,NULL,NULL,NULL,16:04.0,15:35.0,NULL,NULL,NULL,NULL
745,62,5,5,NULL,2021,11242,BTECH_CSENG_SEM3#2021,3,BTBS301,T2062231242003,6223,0,,,78,78,8,4,32,78,BB,Pass,,No,Published,,7,10,16,,,,45,,,,NULL,NULL,NULL,16:04.0,15:35.0,NULL,NULL,NULL,NULL
746,62,5,5,NULL,2021,11242,BTECH_CSENG_SEM3#2021,3,BTBS301,T2062231242004,6223,0,,,82,82,8.5,4,34,82,AB,Pass,,No,Published,,9,8,15,,,,50,,,,NULL,NULL,NULL,16:04.0,15:35.0,NULL,NULL,NULL,NULL
747,62,5,5,NULL,2021,11242,BTECH_CSENG_SEM3#2021,3,BTBS301,T2062231242005,6223,0,,,88,88,9,4,36,88,AA,Pass,,No,Published,,9,10,17,,,,52,,,,NULL,NULL,NULL,16:04.0,15:35.0,NULL,NULL,NULL,NULL
748,62,5,5,NULL,2021,11242,BTECH_CSENG_SEM3#2021,3,BTBS301,T2062231242006,6223,0,,,80,80,8,4,32,80,BB,Pass,,No,Published,,8,10,17,,,,45,,,,NULL,NULL,NULL,16:04.0,15:35.0,NULL,NULL,NULL,NULL
749,62,5,5,NULL,2021,11242,BTECH_CSENG_SEM3#2021,3,BTBS301,T2062231242007,6223,0,,,71,71,7.5,4,30,71,BC,Pass,,No,Published,,8,10,12,,,,41,,,,NULL,NULL,NULL,16:04.0,15:35.0,NULL,NULL,NULL,NULL
750,62,5,5,NULL,2021,11242,BTECH_CSENG_SEM3#2021,3,BTBS301,T2062231242008,6223,0,,,70,70,7,4,28,70,CC,Pass,,No,Published,,6,10,11,,,,43,,,,NULL,NULL,NULL,16:04.0,15:35.0,NULL,NULL,NULL,NULL
751,62,5,5,NULL,2021,11242,BTECH_CSENG_SEM3#2021,3,BTBS301,T2062231242009,6223,0,,,68,68,7,4,28,68,CC,Pass,,No,Published,,6,7,15,,,,40,,,,NULL,NULL,NULL,16:04.0,15:35.0,NULL,NULL,NULL,NULL
752,62,5,5,NULL,2021,11242,BTECH_CSENG_SEM3#2021,3,BTBS301,T2062231242010,6223,0,,,79,79,8,4,32,79,BB,Pass,,No,Published,,9,7,13,,,,50,,,,NULL,NULL,NULL,16:04.0,15:35.0,NULL,NULL,NULL,NULL
753,62,5,5,NULL,2021,11242,BTECH_CSENG_SEM3#2021,3,BTBS301,T2062231242011,6223,0,,,90,90,9,4,36,90,AA,Pass,,No,Published,,8,9,17,,,,56,,,,NULL,NULL,NULL,16:04.0,15:35.0,NULL,NULL,NULL,NULL
754,62,5,5,NULL,2021,11242,BTECH_CSENG_SEM3#2021,3,BTBS301,T2062231242012,6223,0,,,83,83,8.5,4,34,83,AB,Pass,,No,Published,,7,10,17,,,,49,,,,NULL,NULL,NULL,16:04.0,15:35.0,NULL,NULL,NULL,NULL
755,62,5,5,NULL,2021,11242,BTECH_CSENG_SEM3#2021,3,BTBS301,T2062231242013,6223,0,,,61,61,6.5,4,26,61,CD,Pass,,No,Published,,8,7,8,,,,38,,,,NULL,NULL,NULL,16:04.0,15:35.0,NULL,NULL,NULL,NULL
756,62,5,5,NULL,2021,11242,BTECH_CSENG_SEM3#2021,3,BTBS301,T2062231242015,6223,0,,,74,74,7.5,4,30,74,BC,Pass,,No,Published,,8,7,17,,,,42,,,,NULL,NULL,NULL,16:04.0,15:35.0,NULL,NULL,NULL,NULL
757,62,5,5,NULL,2021,11242,BTECH_CSENG_SEM3#2021,3,BTBS301,T2062231242016,6223,0,,,78,78,8,4,32,78,BB,Pass,,No,Published,,9,8,17,,,,44,,,,NULL,NULL,NULL,16:04.0,15:35.0,NULL,NULL,NULL,NULL
758,62,5,5,NULL,2021,11242,BTECH_CSENG_SEM3#2021,3,BTBS301,T2062231242017,6223,0,,,70,70,7,4,28,70,CC,Pass,,No,Published,,7,9,15,,,,39,,,,NULL,NULL,NULL,16:04.0,15:35.0,NULL,NULL,NULL,NULL
759,62,5,5,NULL,2021,11242,BTECH_CSENG_SEM3#2021,3,BTBS301,T2062231242018,6223,0,,,73,73,7.5,4,30,73,BC,Pass,,No,Published,,8,7,12,,,,46,,,,NULL,NULL,NULL,16:04.0,15:35.0,NULL,NULL,NULL,NULL
760,62,5,5,NULL,2021,11242,BTECH_CSENG_SEM3#2021,3,BTBS301,T2062231242019,6223,0,,,75,75,7.5,4,30,75,BC,Pass,,No,Published,,8,8,14,,,,45,,,,NULL,NULL,NULL,16:04.0,15:35.0,NULL,NULL,NULL,NULL
761,62,5,5,NULL,2021,11242,BTECH_CSENG_SEM3#2021,3,BTBS301,T2062231242020,6223,0,,,75,75,7.5,4,30,75,BC,Pass,,No,Published,,9,10,16,,,,40,,,,NULL,NULL,NULL,16:04.0,15:35.0,NULL,NULL,NULL,NULL
762,62,5,5,NULL,2021,11242,BTECH_CSENG_SEM3#2021,3,BTBS301,T2062231242021,6223,0,,,73,73,7.5,4,30,73,BC,Pass,,No,Published,,9,6,17,,,,41,,,,NULL,NULL,NULL,16:04.0,15:35.0,NULL,NULL,NULL,NULL
763,62,5,5,NULL,2021,11242,BTECH_CSENG_SEM3#2021,3,BTBS301,T2062231242022,6223,0,,,81,81,8.5,4,34,81,AB,Pass,,No,Published,,9,10,17,,,,45,,,,NULL,NULL,NULL,16:04.0,15:35.0,NULL,NULL,NULL,NULL
764,62,5,5,NULL,2021,11242,BTECH_CSENG_SEM3#2021,3,BTBS301,T2062231242023,6223,0,,,67,67,7,4,28,67,CC,Pass,,No,Published,,9,7,15,,,,36,,,,NULL,NULL,NULL,16:04.0,15:35.0,NULL,NULL,NULL,NULL
765,62,5,5,NULL,2021,11242,BTECH_CSENG_SEM3#2021,3,BTBS301,T2062231242024,6223,0,,,75,75,7.5,4,30,75,BC,Pass,,No,Published,,6,8,15,,,,46,,,,NULL,NULL,NULL,16:04.0,15:35.0,NULL,NULL,NULL,NULL
766,62,5,5,NULL,2021,11242,BTECH_CSENG_SEM3#2021,3,BTBS301,T2062231242025,6223,0,,,59,59,6,4,24,59,DD,Pass,,No,Published,,7,7,11,,,,34,,,,NULL,NULL,NULL,16:04.0,15:35.0,NULL,NULL,NULL,NULL
767,62,5,5,NULL,2021,11242,BTECH_CSENG_SEM3#2021,3,BTBS301,T2062231242027,6223,0,,,70,70,7,4,28,70,CC,Pass,,No,Published,,8,7,17,,,,38,,,,NULL,NULL,NULL,16:04.0,15:35.0,NULL,NULL,NULL,NULL
768,62,5,5,NULL,2021,11242,BTECH_CSENG_SEM3#2021,3,BTBS301,T2062231242028,6223,0,,,68,68,7,4,28,68,CC,Pass,,No,Published,,9,7,17,,,,35,,,,NULL,NULL,NULL,16:04.0,15:35.0,NULL,NULL,NULL,NULL
769,62,5,5,NULL,2021,11242,BTECH_CSENG_SEM3#2021,3,BTBS301,T2062231242029,6223,0,,,74,74,7.5,4,30,74,BC,Pass,,No,Published,,8,10,14,,,,42,,,,NULL,NULL,NULL,16:04.0,15:35.0,NULL,NULL,NULL,NULL
770,62,5,5,NULL,2021,11242,BTECH_CSENG_SEM3#2021,3,BTBS301,T2062231242030,6223,0,,,77,77,8,4,32,77,BB,Pass,,No,Published,,8,7,17,,,,45,,,,NULL,NULL,NULL,16:04.0,15:35.0,NULL,NULL,NULL,NULL
771,62,5,5,NULL,2021,11242,BTECH_CSENG_SEM3#2021,3,BTBS301,T2062231242031,6223,0,,,75,75,7.5,4,30,75,BC,Pass,,No,Published,,9,6,17,,,,43,,,,NULL,NULL,NULL,16:04.0,15:35.0,NULL,NULL,NULL,NULL
772,62,5,5,NULL,2021,11242,BTECH_CSENG_SEM3#2021,3,BTBS301,T2062231242032,6223,0,,,84,84,8.5,4,34,84,AB,Pass,,No,Published,,10,10,16,,,,48,,,,NULL,NULL,NULL,16:04.0,15:35.0,NULL,NULL,NULL,NULL
773,62,5,5,NULL,2021,11242,BTECH_CSENG_SEM3#2021,3,BTBS301,T2062231242033,6223,0,,,67,67,7,4,28,67,CC,Pass,,No,Published,,9,10,16,,,,32,,,,NULL,NULL,NULL,16:04.0,15:35.0,NULL,NULL,NULL,NULL
774,62,5,5,NULL,2021,11242,BTECH_CSENG_SEM3#2021,3,BTBS301,T2062231242034,6223,0,,,74,74,7.5,4,30,74,BC,Pass,,No,Published,,7,6,15,,,,46,,,,NULL,NULL,NULL,16:04.0,15:35.0,NULL,NULL,NULL,NULL
775,62,5,5,NULL,2021,11242,BTECH_CSENG_SEM3#2021,3,BTBS301,T2062231242035,6223,0,,,77,77,8,4,32,77,BB,Pass,,No,Published,,8,9,17,,,,43,,,,NULL,NULL,NULL,16:04.0,15:35.0,NULL,NULL,NULL,NULL
776,62,5,5,NULL,2021,11242,BTECH_CSENG_SEM3#2021,3,BTBS301,T2062231242036,6223,0,,,69,69,7,4,28,69,CC,Pass,,No,Published,,8,7,19,,,,35,,,,NULL,NULL,NULL,16:04.0,15:35.0,NULL,NULL,NULL,NULL
777,62,5,5,NULL,2021,11242,BTECH_CSENG_SEM3#2021,3,BTBS301,T2062231242037,6223,0,,,60,60,6,4,24,60,DD,Pass,,No,Published,,7,7,15,,,,31,,,,NULL,NULL,NULL,16:04.0,15:35.0,NULL,NULL,NULL,NULL
778,62,5,5,NULL,2021,11242,BTECH_CSENG_SEM3#2021,3,BTBS301,T2062231242038,6223,0,,,75,75,7.5,4,30,75,BC,Pass,,No,Published,,7,9,12,,,,47,,,,NULL,NULL,NULL,16:04.0,15:35.0,NULL,NULL,NULL,NULL
779,62,5,5,NULL,2021,11242,BTECH_CSENG_SEM3#2021,3,BTBS301,T2062231242039,6223,0,,,79,79,8,4,32,79,BB,Pass,,No,Published,,9,8,17,,,,45,,,,NULL,NULL,NULL,16:04.0,15:35.0,NULL,NULL,NULL,NULL
780,62,5,5,NULL,2021,11242,BTECH_CSENG_SEM3#2021,3,BTBS301,T2062231242040,6223,0,,,71,71,7.5,4,30,71,BC,Pass,,No,Published,,9,6,12,,,,44,,,,NULL,NULL,NULL,16:04.0,15:35.0,NULL,NULL,NULL,NULL
781,62,5,5,NULL,2021,11242,BTECH_CSENG_SEM3#2021,3,BTBS301,T2062231242041,6223,0,,,68,68,7,4,28,68,CC,Pass,,No,Published,,7,8,15,,,,38,,,,NULL,NULL,NULL,16:04.0,15:35.0,NULL,NULL,NULL,NULL
782,62,5,5,NULL,2021,11242,BTECH_CSENG_SEM3#2021,3,BTBS301,T2062231242042,6223,0,,,85,85,8.5,4,34,85,AB,Pass,,No,Published,,10,8,14,,,,53,,,,NULL,NULL,NULL,16:04.0,15:35.0,NULL,NULL,NULL,NULL
783,62,5,5,NULL,2021,11242,BTECH_CSENG_SEM3#2021,3,BTBS301,T2062231242043,6223,0,,,75,75,7.5,4,30,75,BC,Pass,,No,Published,,8,9,17,,,,41,,,,NULL,NULL,NULL,16:04.0,15:35.0,NULL,NULL,NULL,NULL
784,62,5,5,NULL,2021,11242,BTECH_CSENG_SEM3#2021,3,BTBS301,T2062231242044,6223,0,,,76,76,8,4,32,76,BB,Pass,,No,Published,,9,10,17,,,,40,,,,NULL,NULL,NULL,16:04.0,15:35.0,NULL,NULL,NULL,NULL
785,62,5,5,NULL,2021,11242,BTECH_CSENG_SEM3#2021,3,BTBS301,T2062231242045,6223,0,,,76,76,8,4,32,76,BB,Pass,,No,Published,,9,10,17,,,,40,,,,NULL,NULL,NULL,16:04.0,15:35.0,NULL,NULL,NULL,NULL
786,62,5,5,NULL,2021,11242,BTECH_CSENG_SEM3#2021,3,BTBS301,T2062231242046,6223,0,,,56,56,6,4,24,56,DD,Pass,,No,Published,,8,9,12,,,,27,,,,NULL,NULL,NULL,16:04.0,15:35.0,NULL,NULL,NULL,NULL
787,62,5,5,NULL,2021,11242,BTECH_CSENG_SEM3#2021,3,BTBS301,T2062231242047,6223,0,,,73,73,7.5,4,30,73,BC,Pass,,No,Published,,10,6,11,,,,46,,,,NULL,NULL,NULL,16:04.0,15:35.0,NULL,NULL,NULL,NULL
788,62,5,5,NULL,2021,11242,BTECH_CSENG_SEM3#2021,3,BTBS301,T2062231242048,6223,0,,,70,70,7,4,28,70,CC,Pass,,No,Published,,8,8,17,,,,37,,,,NULL,NULL,NULL,16:04.0,15:35.0,NULL,NULL,NULL,NULL
789,62,5,5,NULL,2021,11242,BTECH_CSENG_SEM3#2021,3,BTBS301,T2062231242049,6223,0,,,66,66,7,4,28,66,CC,Pass,,No,Published,,8,8,13,,,,37,,,,NULL,NULL,NULL,16:04.0,15:35.0,NULL,NULL,NULL,NULL
790,62,5,5,NULL,2021,11242,BTECH_CSENG_SEM3#2021,3,BTBS301,T2062231242050,6223,0,,,72,72,7.5,4,30,72,BC,Pass,,No,Published,,8,9,17,,,,38,,,,NULL,NULL,NULL,16:04.0,15:35.0,NULL,NULL,NULL,NULL
791,62,5,5,NULL,2021,11242,BTECH_CSENG_SEM3#2021,3,BTBS301,T2062231242051,6223,0,,,83,83,8.5,4,34,83,AB,Pass,,No,Published,,8,9,17,,,,49,,,,NULL,NULL,NULL,16:04.0,15:35.0,NULL,NULL,NULL,NULL
792,62,5,5,NULL,2021,11242,BTECH_CSENG_SEM3#2021,3,BTBS301,T2062231242052,6223,0,,,83,83,8.5,4,34,83,AB,Pass,,No,Published,,9,8,17,,,,49,,,,NULL,NULL,NULL,16:04.0,15:35.0,NULL,NULL,NULL,NULL
793,62,5,5,NULL,2021,11242,BTECH_CSENG_SEM3#2021,3,BTBS301,T2062231242053,6223,0,,,74,74,7.5,4,30,74,BC,Pass,,No,Published,,8,8,17,,,,41,,,,NULL,NULL,NULL,16:04.0,15:35.0,NULL,NULL,NULL,NULL
794,62,5,5,NULL,2021,11242,BTECH_CSENG_SEM3#2021,3,BTBS301,T2062231242054,6223,0,,,65,65,6.5,4,26,65,CD,Pass,,No,Published,,8,9,17,,,,31,,,,NULL,NULL,NULL,16:04.0,15:35.0,NULL,NULL,NULL,NULL
795,62,5,5,NULL,2021,11242,BTECH_CSENG_SEM3#2021,3,BTBS301,T2062231242055,6223,0,,,78,78,8,4,32,78,BB,Pass,,No,Published,,8,9,15,,,,46,,,,NULL,NULL,NULL,16:04.0,15:35.0,NULL,NULL,NULL,NULL
796,62,5,5,NULL,2021,11242,BTECH_CSENG_SEM3#2021,3,BTBS301,T2062231242056,6223,0,,,72,72,7.5,4,30,72,BC,Pass,,No,Published,,8,10,10,,,,44,,,,NULL,NULL,NULL,16:04.0,15:35.0,NULL,NULL,NULL,NULL
797,62,5,5,NULL,2021,11242,BTECH_CSENG_SEM3#2021,3,BTBS301,T2062231242057,6223,0,,,70,70,7,4,28,70,CC,Pass,,No,Published,,6,8,16,,,,40,,,,NULL,NULL,NULL,16:04.0,15:35.0,NULL,NULL,NULL,NULL
798,62,5,5,NULL,2021,11242,BTECH_CSENG_SEM3#2021,3,BTBS301,T2062231242058,6223,0,,,72,72,7.5,4,30,72,BC,Pass,,No,Published,,9,9,13,,,,41,,,,NULL,NULL,NULL,16:04.0,15:35.0,NULL,NULL,NULL,NULL
799,62,5,5,NULL,2021,11242,BTECH_CSENG_SEM3#2021,3,BTBS301,T2062231242059,6223,0,,,74,74,7.5,4,30,74,BC,Pass,,No,Published,,7,10,12,,,,45,,,,NULL,NULL,NULL,16:04.0,15:35.0,NULL,NULL,NULL,NULL
800,62,5,5,NULL,2021,11242,BTECH_CSENG_SEM3#2021,3,BTBS301,T2062231242060,6223,0,,,49,49,5,4,20,49,EE,Pass,,No,Published,,8,10,5,,,,26,,,,NULL,NULL,NULL,16:04.0,15:35.0,NULL,NULL,NULL,NULL
801,62,5,5,NULL,2021,11242,BTECH_CSENG_SEM3#2021,3,BTBS301,T2062231242061,6223,0,,,60,60,6,4,24,60,DD,Pass,,No,Published,,8,9,13,,,,30,,,,NULL,NULL,NULL,16:04.0,15:35.0,NULL,NULL,NULL,NULL
802,62,5,5,NULL,2021,11242,BTECH_CSENG_SEM3#2021,3,BTBS301,T2062231242062,6223,0,,,77,77,8,4,32,77,BB,Pass,,No,Published,,8,9,13,,,,47,,,,NULL,NULL,NULL,16:04.0,15:35.0,NULL,NULL,NULL,NULL
803,62,5,5,NULL,2021,11242,BTECH_CSENG_SEM3#2021,3,BTBS301,T2062231242063,6223,0,,,78,78,8,4,32,78,BB,Pass,,No,Published,,9,10,18,,,,41,,,,NULL,NULL,NULL,16:04.0,15:35.0,NULL,NULL,NULL,NULL
804,62,5,5,NULL,2021,11242,BTECH_CSENG_SEM3#2021,3,BTBS301,T2062231242064,6223,0,,,74,74,7.5,4,30,74,BC,Pass,,No,Published,,6,10,13,,,,45,,,,NULL,NULL,NULL,16:04.0,15:35.0,NULL,NULL,NULL,NULL
805,62,5,5,NULL,2021,11242,BTECH_CSENG_SEM3#2021,3,BTBS301,T2062231242065,6223,0,,,74,74,7.5,4,30,74,BC,Pass,,No,Published,,8,8,17,,,,41,,,,NULL,NULL,NULL,16:04.0,15:35.0,NULL,NULL,NULL,NULL
806,62,5,5,NULL,2021,11242,BTECH_CSENG_SEM3#2021,3,BTBS301,T2062231242066,6223,0,,,67,67,7,4,28,67,CC,Pass,,No,Published,,8,6,10,,,,43,,,,NULL,NULL,NULL,16:04.0,15:35.0,NULL,NULL,NULL,NULL
807,62,5,5,NULL,2021,11242,BTECH_CSENG_SEM3#2021,3,BTBS301,T2062231242067,6223,0,,,76,76,8,4,32,76,BB,Pass,,No,Published,,7,8,16,,,,45,,,,NULL,NULL,NULL,16:04.0,15:35.0,NULL,NULL,NULL,NULL
808,62,5,5,NULL,2021,11242,BTECH_CSENG_SEM3#2021,3,BTBS301,T2062231242068,6223,0,,,80,80,8,4,32,80,BB,Pass,,No,Published,,9,10,15,,,,46,,,,NULL,NULL,NULL,16:04.0,15:35.0,NULL,NULL,NULL,NULL
809,62,5,5,NULL,2021,11242,BTECH_CSENG_SEM3#2021,3,BTBS301,T2062231242069,6223,0,,,81,81,8.5,4,34,81,AB,Pass,,No,Published,,8,7,17,,,,49,,,,NULL,NULL,NULL,16:04.0,15:35.0,NULL,NULL,NULL,NULL
810,62,5,5,NULL,2021,11242,BTECH_CSENG_SEM3#2021,3,BTBS301,T2062231242070,6223,0,,,74,74,7.5,4,30,74,BC,Pass,,No,Published,,9,10,15,,,,40,,,,NULL,NULL,NULL,16:04.0,15:35.0,NULL,NULL,NULL,NULL
811,62,5,5,NULL,2021,11242,BTECH_CSENG_SEM3#2021,3,BTBS301,T2062231242071,6223,0,,,77,77,8,4,32,77,BB,Pass,,No,Published,,6,8,17,,,,46,,,,NULL,NULL,NULL,16:04.0,15:35.0,NULL,NULL,NULL,NULL
812,62,5,5,NULL,2021,11242,BTECH_CSENG_SEM3#2021,3,BTBS301,T2062231242072,6223,0,,,74,74,7.5,4,30,74,BC,Pass,,No,Published,,6,9,13,,,,46,,,,NULL,NULL,NULL,16:04.0,15:35.0,NULL,NULL,NULL,NULL
813,62,5,5,NULL,2021,11242,BTECH_CSENG_SEM3#2021,3,BTBS301,T2062231242073,6223,0,,,55,55,5.5,4,22,55,DE,Pass,,No,Published,,7,6,16,,,,26,,,,NULL,NULL,NULL,16:04.0,15:35.0,NULL,NULL,NULL,NULL
814,62,5,5,NULL,2021,11242,BTECH_CSENG_SEM3#2021,3,BTBS301,T2062231242074,6223,0,,,76,76,8,4,32,76,BB,Pass,,No,Published,,9,10,12,,,,45,,,,NULL,NULL,NULL,16:04.0,15:35.0,NULL,NULL,NULL,NULL
815,62,5,5,NULL,2021,11242,BTECH_CSENG_SEM3#2021,3,BTBS301,T2062231242075,6223,0,,,49,49,5,4,20,49,EE,Pass,,No,Published,,7,6,20,,,,16,,,,NULL,NULL,NULL,16:04.0,15:35.0,NULL,NULL,NULL,NULL
816,62,5,5,NULL,2021,11242,BTECH_CSENG_SEM3#2021,3,BTBS301,T2062231242076,6223,0,,,82,82,8.5,4,34,82,AB,Pass,,No,Published,,8,10,17,,,,47,,,,NULL,NULL,NULL,16:04.0,15:35.0,NULL,NULL,NULL,NULL
817,62,5,5,NULL,2021,11242,BTECH_CSENG_SEM3#2021,3,BTBS301,T2062231242077,6223,0,,,78,78,8,4,32,78,BB,Pass,,No,Published,,8,10,19,,,,41,,,,NULL,NULL,NULL,16:04.0,15:35.0,NULL,NULL,NULL,NULL
818,62,5,5,NULL,2021,11242,BTECH_CSENG_SEM3#2021,3,BTBS301,T2062231242078,6223,0,,,68,68,7,4,28,68,CC,Pass,,No,Published,,9,9,16,,,,34,,,,NULL,NULL,NULL,16:04.0,15:35.0,NULL,NULL,NULL,NULL
819,62,5,5,NULL,2021,11242,BTECH_CSENG_SEM3#2021,3,BTBS301,T2062231242079,6223,0,,,77,77,8,4,32,77,BB,Pass,,No,Published,,7,9,17,,,,44,,,,NULL,NULL,NULL,16:04.0,15:35.0,NULL,NULL,NULL,NULL
820,62,5,5,NULL,2021,11242,BTECH_CSENG_SEM3#2021,3,BTBS301,T2062231242080,6223,0,,,48,48,5,4,20,48,EE,Pass,,No,Published,,9,6,15,,,,18,,,,NULL,NULL,NULL,16:04.0,15:35.0,NULL,NULL,NULL,NULL
821,62,5,5,NULL,2021,11242,BTECH_CSENG_SEM3#2021,3,BTBS301,T2062231242081,6223,0,,,78,78,8,4,32,78,BB,Pass,,No,Published,,8,10,15,,,,45,,,,NULL,NULL,NULL,16:04.0,15:35.0,NULL,NULL,NULL,NULL
822,62,5,5,NULL,2021,11242,BTECH_CSENG_SEM3#2021,3,BTBS301,T2062231242082,6223,0,,,81,81,8.5,4,34,81,AB,Pass,,No,Published,,7,9,16,,,,49,,,,NULL,NULL,NULL,16:04.0,15:35.0,NULL,NULL,NULL,NULL
823,62,5,5,NULL,2021,11242,BTECH_CSENG_SEM3#2021,3,BTBS301,T2062231242083,6223,0,,,71,71,7.5,4,30,71,BC,Pass,,No,Published,,8,9,13,,,,41,,,,NULL,NULL,NULL,16:04.0,15:35.0,NULL,NULL,NULL,NULL
824,62,5,5,NULL,2021,11242,BTECH_CSENG_SEM3#2021,3,BTBS301,T2062231242085,6223,0,,,80,80,8,4,32,80,BB,Pass,,No,Published,,9,8,15,,,,48,,,,NULL,NULL,NULL,16:04.0,15:35.0,NULL,NULL,NULL,NULL
825,62,5,5,NULL,2021,11242,BTECH_CSENG_SEM3#2021,3,BTBS301,T2062231242086,6223,0,,,80,80,8,4,32,80,BB,Pass,,No,Published,,8,9,17,,,,46,,,,NULL,NULL,NULL,16:04.0,15:35.0,NULL,NULL,NULL,NULL
826,62,5,5,NULL,2021,11242,BTECH_CSENG_SEM3#2021,3,BTBS301,T2062231242087,6223,0,,,72,72,7.5,4,30,72,BC,Pass,,No,Published,,8,9,13,,,,42,,,,NULL,NULL,NULL,16:04.0,15:35.0,NULL,NULL,NULL,NULL
827,62,5,5,NULL,2021,11242,BTECH_CSENG_SEM3#2021,3,BTBS301,T2062231242088,6223,0,,,75,75,7.5,4,30,75,BC,Pass,,No,Published,,7,6,17,,,,45,,,,NULL,NULL,NULL,16:04.0,15:35.0,NULL,NULL,NULL,NULL
828,62,5,5,NULL,2021,11242,BTECH_CSENG_SEM3#2021,3,BTBS301,T2062231242089,6223,0,,,50,50,5,4,20,50,EE,Pass,,No,Published,,8,6,13,,,,23,,,,NULL,NULL,NULL,16:04.0,15:35.0,NULL,NULL,NULL,NULL
829,62,5,5,NULL,2021,11242,BTECH_CSENG_SEM3#2021,3,BTBS301,T2062231242090,6223,0,,,76,76,8,4,32,76,BB,Pass,,No,Published,,7,10,16,,,,43,,,,NULL,NULL,NULL,16:04.0,15:35.0,NULL,NULL,NULL,NULL
830,62,5,5,NULL,2021,11242,BTECH_CSENG_SEM3#2021,3,BTBS301,T2062231242091,6223,0,,,52,52,5.5,4,22,52,DE,Pass,,No,Published,,7,8,9,,,,28,,,,NULL,NULL,NULL,16:04.0,15:35.0,NULL,NULL,NULL,NULL
831,62,5,5,NULL,2021,11242,BTECH_CSENG_SEM3#2021,3,BTBS301,T2062231242092,6223,0,,,65,65,6.5,4,26,65,CD,Pass,,No,Published,,7,7,17,,,,34,,,,NULL,NULL,NULL,16:04.0,15:35.0,NULL,NULL,NULL,NULL
832,62,5,5,NULL,2021,11242,BTECH_CSENG_SEM3#2021,3,BTBS301,T2062231242093,6223,0,,,81,81,8.5,4,34,81,AB,Pass,,No,Published,,9,8,17,,,,47,,,,NULL,NULL,NULL,16:04.0,15:35.0,NULL,NULL,NULL,NULL
833,62,5,5,NULL,2021,11242,BTECH_CSENG_SEM3#2021,3,BTBS301,T2062231242094,6223,0,,,69,69,7,4,28,69,CC,Pass,,No,Published,,6,7,16,,,,40,,,,NULL,NULL,NULL,16:04.0,15:35.0,NULL,NULL,NULL,NULL
834,62,5,5,NULL,2021,11242,BTECH_CSENG_SEM3#2021,3,BTBS301,T2062231242095,6223,0,,,71,71,7.5,4,30,71,BC,Pass,,No,Published,,8,10,9,,,,44,,,,NULL,NULL,NULL,16:04.0,15:35.0,NULL,NULL,NULL,NULL
835,62,5,5,NULL,2021,11242,BTECH_CSENG_SEM3#2021,3,BTBS301,T2062231242097,6223,0,,,73,73,7.5,4,30,73,BC,Pass,,No,Published,,10,6,17,,,,40,,,,NULL,NULL,NULL,16:04.0,15:35.0,NULL,NULL,NULL,NULL
836,62,5,5,NULL,2021,11242,BTECH_CSENG_SEM3#2021,3,BTBS301,T2062231242098,6223,0,,,82,82,8.5,4,34,82,AB,Pass,,No,Published,,6,8,17,,,,51,,,,NULL,NULL,NULL,16:04.0,15:35.0,NULL,NULL,NULL,NULL
837,62,5,5,NULL,2021,11242,BTECH_CSENG_SEM3#2021,3,BTBS301,T2062231242099,6223,0,,,77,77,8,4,32,77,BB,Pass,,No,Published,,8,7,14,,,,48,,,,NULL,NULL,NULL,16:04.0,15:35.0,NULL,NULL,NULL,NULL
838,62,5,5,NULL,2021,11242,BTECH_CSENG_SEM3#2021,3,BTBS301,T2062231242100,6223,0,,,56,56,6,4,24,56,DD,Pass,,No,Published,,7,9,9,,,,31,,,,NULL,NULL,NULL,16:04.0,15:35.0,NULL,NULL,NULL,NULL
839,62,5,5,NULL,2021,11242,BTECH_CSENG_SEM3#2021,3,BTBS301,T2062231242101,6223,0,,,74,74,7.5,4,30,74,BC,Pass,,No,Published,,8,10,17,,,,39,,,,NULL,NULL,NULL,16:04.0,15:35.0,NULL,NULL,NULL,NULL
840,62,5,5,NULL,2021,11242,BTECH_CSENG_SEM3#2021,3,BTBS301,T2062231242102,6223,0,,,73,73,7.5,4,30,73,BC,Pass,,No,Published,,7,9,11,,,,46,,,,NULL,NULL,NULL,16:04.0,15:35.0,NULL,NULL,NULL,NULL
841,62,5,5,NULL,2021,11242,BTECH_CSENG_SEM3#2021,3,BTBS301,T2062231242104,6223,0,,,77,77,8,4,32,77,BB,Pass,,No,Published,,8,10,12,,,,47,,,,NULL,NULL,NULL,16:04.0,15:35.0,NULL,NULL,NULL,NULL
842,62,5,5,NULL,2021,11242,BTECH_CSENG_SEM3#2021,3,BTBS301,T2062231242105,6223,0,,,76,76,8,4,32,76,BB,Pass,,No,Published,,8,10,11,,,,47,,,,NULL,NULL,NULL,16:04.0,15:35.0,NULL,NULL,NULL,NULL
843,62,5,5,NULL,2021,11242,BTECH_CSENG_SEM3#2021,3,BTBS301,T2062231242106,6223,0,,,57,57,6,4,24,57,DD,Pass,,No,Published,,8,7,9,,,,33,,,,NULL,NULL,NULL,16:04.0,15:35.0,NULL,NULL,NULL,NULL
844,62,5,5,NULL,2021,11242,BTECH_CSENG_SEM3#2021,3,BTBS301,T2062231242107,6223,0,,,68,68,7,4,28,68,CC,Pass,,No,Published,,7,6,13,,,,42,,,,NULL,NULL,NULL,16:04.0,15:35.0,NULL,NULL,NULL,NULL
845,62,5,5,NULL,2021,11242,BTECH_CSENG_SEM3#2021,3,BTBS301,T2062231242108,6223,0,,,82,82,8.5,4,34,82,AB,Pass,,No,Published,,10,10,15,,,,47,,,,NULL,NULL,NULL,16:04.0,15:35.0,NULL,NULL,NULL,NULL
846,62,5,5,NULL,2021,11242,BTECH_CSENG_SEM3#2021,3,BTBS301,T2062231242109,6223,0,,,76,76,8,4,32,76,BB,Pass,,No,Published,,9,7,17,,,,43,,,,NULL,NULL,NULL,16:04.0,15:35.0,NULL,NULL,NULL,NULL
847,62,5,5,NULL,2021,11242,BTECH_CSENG_SEM3#2021,3,BTBS301,T2062231242110,6223,0,,,68,68,7,4,28,68,CC,Pass,,No,Published,,7,9,7,,,,45,,,,NULL,NULL,NULL,16:04.0,15:35.0,NULL,NULL,NULL,NULL
848,62,5,5,NULL,2021,11242,BTECH_CSENG_SEM3#2021,3,BTBS301,T2062231242111,6223,0,,,80,80,8,4,32,80,BB,Pass,,No,Published,,9,7,17,,,,47,,,,NULL,NULL,NULL,16:04.0,15:35.0,NULL,NULL,NULL,NULL
849,62,5,5,NULL,2021,11242,BTECH_CSENG_SEM3#2021,3,BTBS301,T2062231242112,6223,0,,,64,64,6.5,4,26,64,CD,Pass,,No,Published,,8,10,8,,,,38,,,,NULL,NULL,NULL,16:04.0,15:35.0,NULL,NULL,NULL,NULL
850,62,5,5,NULL,2021,11242,BTECH_CSENG_SEM3#2021,3,BTBS301,T2062231242113,6223,0,,,73,73,7.5,4,30,73,BC,Pass,,No,Published,,8,9,13,,,,43,,,,NULL,NULL,NULL,16:04.0,15:35.0,NULL,NULL,NULL,NULL
851,62,5,5,NULL,2021,11242,BTECH_CSENG_SEM3#2021,3,BTBS301,T2062231242114,6223,0,,,60,60,6,4,24,60,DD,Pass,,No,Published,,8,9,7,,,,36,,,,NULL,NULL,NULL,16:04.0,15:35.0,NULL,NULL,NULL,NULL
852,62,5,5,NULL,2021,11242,BTECH_CSENG_SEM3#2021,3,BTBS301,T2062231242115,6223,0,,,63,63,6.5,4,26,63,CD,Pass,,No,Published,,8,8,13,,,,34,,,,NULL,NULL,NULL,16:04.0,15:35.0,NULL,NULL,NULL,NULL
853,62,5,5,NULL,2021,11242,BTECH_CSENG_SEM3#2021,3,BTBS301,T2062231242117,6223,0,,,61,61,6.5,4,26,61,CD,Pass,,No,Published,,9,7,8,,,,37,,,,NULL,NULL,NULL,16:04.0,15:35.0,NULL,NULL,NULL,NULL
854,62,5,5,NULL,2021,11242,BTECH_CSENG_SEM3#2021,3,BTBS301,T2062231242118,6223,0,,,82,82,8.5,4,34,82,AB,Pass,,No,Published,,8,7,20,,,,47,,,,NULL,NULL,NULL,16:04.0,15:35.0,NULL,NULL,NULL,NULL
855,62,5,5,NULL,2021,11242,BTECH_CSENG_SEM3#2021,3,BTBS301,T2062231242119,6223,0,,,76,76,8,4,32,76,BB,Pass,,No,Published,,7,10,16,,,,43,,,,NULL,NULL,NULL,16:04.0,15:35.0,NULL,NULL,NULL,NULL
856,62,5,5,NULL,2021,11242,BTECH_CSENG_SEM3#2021,3,BTBS301,T2062231242120,6223,0,,,75,75,7.5,4,30,75,BC,Pass,,No,Published,,8,7,15,,,,45,,,,NULL,NULL,NULL,16:04.0,15:35.0,NULL,NULL,NULL,NULL
857,62,5,5,NULL,2021,11242,BTECH_CSENG_SEM3#2021,3,BTBS301,T2062231242121,6223,0,,,75,75,7.5,4,30,75,BC,Pass,,No,Published,,8,9,12,,,,46,,,,NULL,NULL,NULL,16:04.0,15:35.0,NULL,NULL,NULL,NULL
858,62,5,5,NULL,2021,11242,BTECH_CSENG_SEM3#2021,3,BTBS301,T2062231242122,6223,0,,,79,79,8,4,32,79,BB,Pass,,No,Published,,8,9,17,,,,45,,,,NULL,NULL,NULL,16:04.0,15:35.0,NULL,NULL,NULL,NULL
859,62,5,5,NULL,2021,11242,BTECH_CSENG_SEM3#2021,3,BTBS301,T2062231242123,6223,0,,,71,71,7.5,4,30,71,BC,Pass,,No,Published,,8,7,13,,,,43,,,,NULL,NULL,NULL,16:04.0,15:35.0,NULL,NULL,NULL,NULL
860,62,5,5,NULL,2021,11242,BTECH_CSENG_SEM3#2021,3,BTBS301,T2062231242125,6223,0,,,83,83,8.5,4,34,83,AB,Pass,,No,Published,,8,9,17,,,,49,,,,NULL,NULL,NULL,16:04.0,15:35.0,NULL,NULL,NULL,NULL
861,62,5,5,NULL,2021,11242,BTECH_CSENG_SEM3#2021,3,BTBS301,T2062231242126,6223,0,,,72,72,7.5,4,30,72,BC,Pass,,No,Published,,6,10,12,,,,44,,,,NULL,NULL,NULL,16:04.0,15:35.0,NULL,NULL,NULL,NULL
862,62,5,5,NULL,2021,11242,BTECH_CSENG_SEM3#2021,3,BTBS301,T2062231242127,6223,0,,,62,62,6.5,4,26,62,CD,Pass,,No,Published,,9,9,17,,,,27,,,,NULL,NULL,NULL,16:04.0,15:35.0,NULL,NULL,NULL,NULL
863,62,5,5,NULL,2021,11242,BTECH_CSENG_SEM3#2021,3,BTBS301,T2062231242128,6223,0,,,74,74,7.5,4,30,74,BC,Pass,,No,Published,,7,9,12,,,,46,,,,NULL,NULL,NULL,16:04.0,15:35.0,NULL,NULL,NULL,NULL
864,62,5,5,NULL,2021,11242,BTECH_CSENG_SEM3#2021,3,BTBS301,T2062231242129,6223,0,,,82,82,8.5,4,34,82,AB,Pass,,No,Published,,10,8,17,,,,47,,,,NULL,NULL,NULL,16:04.0,15:35.0,NULL,NULL,NULL,NULL
865,62,5,5,NULL,2021,11242,BTECH_CSENG_SEM3#2021,3,BTBS301,T2062231242130,6223,0,,,64,64,6.5,4,26,64,CD,Pass,,No,Published,,8,6,10,,,,40,,,,NULL,NULL,NULL,16:04.0,15:35.0,NULL,NULL,NULL,NULL
866,62,5,5,NULL,2021,11242,BTECH_CSENG_SEM3#2021,3,BTBS301,T2062231242131,6223,0,,,74,74,7.5,4,30,74,BC,Pass,,No,Published,,9,10,17,,,,38,,,,NULL,NULL,NULL,16:04.0,15:35.0,NULL,NULL,NULL,NULL
867,62,5,5,NULL,2021,11242,BTECH_CSENG_SEM3#2021,3,BTBS301,T2062231242132,6223,0,,,81,81,8.5,4,34,81,AB,Pass,,No,Published,,10,6,13,,,,52,,,,NULL,NULL,NULL,16:04.0,15:35.0,NULL,NULL,NULL,NULL
868,62,5,5,NULL,2021,11242,BTECH_CSENG_SEM3#2021,3,BTBS301,T2062231242133,6223,0,,,51,51,5.5,4,22,51,DE,Pass,,No,Published,,8,6,15,,,,22,,,,NULL,NULL,NULL,16:04.0,15:35.0,NULL,NULL,NULL,NULL
869,62,5,5,NULL,2021,11242,BTECH_CSENG_SEM3#2021,3,BTBS301,T2062231242134,6223,0,,,51,51,5.5,4,22,51,DE,Pass,,No,Published,,6,8,7,,,,30,,,,NULL,NULL,NULL,16:04.0,15:35.0,NULL,NULL,NULL,NULL
870,62,5,5,NULL,2021,11242,BTECH_CSENG_SEM3#2021,3,BTBS301,T2062231242135,6223,0,,,68,68,7,4,28,68,CC,Pass,,No,Published,,7,7,12,,,,42,,,,NULL,NULL,NULL,16:04.0,15:35.0,NULL,NULL,NULL,NULL
871,62,5,5,NULL,2021,11242,BTECH_CSENG_SEM3#2021,3,BTBS301,T2062231242136,6223,0,,,54,54,5.5,4,22,54,DE,Pass,,No,Published,,9,8,13,,,,24,,,,NULL,NULL,NULL,16:04.0,15:35.0,NULL,NULL,NULL,NULL
872,62,5,5,NULL,2021,11242,BTECH_CSENG_SEM3#2021,3,BTBS301,T2062231242137,6223,0,,,77,77,8,4,32,77,BB,Pass,,No,Published,,10,7,11,,,,49,,,,NULL,NULL,NULL,16:04.0,15:35.0,NULL,NULL,NULL,NULL
873,62,5,5,NULL,2021,11466,BTECH_INSTRUENG_SEM3#2021,3,BTBS301,T2051641466001,5164,0,,,73,73,7.5,4,30,73,BC,Pass,,No,Published,,10,10,20,,,,33,,,,NULL,NULL,NULL,16:04.0,15:35.0,NULL,NULL,NULL,NULL
874,62,5,5,NULL,2021,11293,BTECH_ELEENG_SEM3#2021,3,BTBS301,T2051641466002,5164,0,,,71,71,7.5,4,30,71,BC,Pass,,No,Published,,10,10,20,,,,31,,,,NULL,NULL,NULL,16:04.0,15:35.0,NULL,NULL,NULL,NULL
875,62,5,5,NULL,2021,11466,BTECH_INSTRUENG_SEM3#2021,3,BTBS301,T2051641466003,5164,0,,,61,61,6.5,4,26,61,CD,Pass,,No,Published,,10,10,20,,,,21,,,,NULL,NULL,NULL,16:04.0,15:35.0,NULL,NULL,NULL,NULL
876,62,5,5,NULL,2021,11466,BTECH_INSTRUENG_SEM3#2021,3,BTBS301,T2051641466004,5164,0,,,64,64,6.5,4,26,64,CD,Pass,,No,Published,,10,10,20,,,,24,,,,NULL,NULL,NULL,16:04.0,15:35.0,NULL,NULL,NULL,NULL
877,62,5,5,NULL,2021,11466,BTECH_INSTRUENG_SEM3#2021,3,BTBS301,T2051641466005,5164,0,,,64,64,6.5,4,26,64,CD,Pass,,No,Published,,10,10,20,,,,24,,,,NULL,NULL,NULL,16:04.0,15:35.0,NULL,NULL,NULL,NULL
878,62,5,5,NULL,2021,11293,BTECH_ELEENG_SEM3#2021,3,BTBS301,T2051641466006,5164,0,,,65,65,6.5,4,26,65,CD,Pass,,No,Published,,8,8,19,,,,30,,,,NULL,NULL,NULL,16:04.0,15:35.0,NULL,NULL,NULL,NULL
879,62,5,5,NULL,2021,11245,BTECH_CE_SEM3#2021,3,BTBS301,T2051641466007,5164,0,,,61,61,6.5,4,26,61,CD,Pass,,No,Published,,8,10,19,,,,24,,,,NULL,NULL,NULL,16:04.0,15:35.0,NULL,NULL,NULL,NULL
880,62,5,5,NULL,2021,11191,BTECH_CIVILENG_SEM3#2021,3,BTBS301,T2062691191007,6269,0,,,89,89,9,4,36,89,AA,Pass,,No,Published,,10,10,20,,,,49,,,,NULL,NULL,NULL,16:04.0,15:35.0,NULL,NULL,NULL,NULL
881,62,5,5,NULL,2021,11191,BTECH_CIVILENG_SEM3#2021,3,BTBS301,T2062691191012,6269,0,,,76,76,8,4,32,76,BB,Pass,,No,Published,,9,8,15,,,,44,,,,NULL,NULL,NULL,16:04.0,15:35.0,NULL,NULL,NULL,NULL
882,62,5,5,NULL,2021,11191,BTECH_CIVILENG_SEM3#2021,3,BTBS301,T2062691191017,6269,0,,,83,83,8.5,4,34,83,AB,Pass,,No,Published,,10,10,19,,,,44,,,,NULL,NULL,NULL,16:04.0,15:35.0,NULL,NULL,NULL,NULL
883,62,5,5,NULL,2021,11191,BTECH_CIVILENG_SEM3#2021,3,BTBS301,T2062691191029,6269,0,,,74,74,7.5,4,30,74,BC,Pass,,No,Published,,10,10,12,,,,42,,,,NULL,NULL,NULL,16:04.0,15:35.0,NULL,NULL,NULL,NULL
884,62,5,5,NULL,2021,11191,BTECH_CIVILENG_SEM3#2021,3,BTBS301,T2062691191035,6269,0,,,74,74,7.5,4,30,74,BC,Pass,,No,Published,,10,10,14,,,,40,,,,NULL,NULL,NULL,16:04.0,15:35.0,NULL,NULL,NULL,NULL
885,62,5,5,NULL,2021,11191,BTECH_CIVILENG_SEM3#2021,3,BTBS301,T2062691191036,6269,0,-,,71,71,7.5,4,30,71,BC,Pass,,No,Published,No,9,9,20,,,,33,,,,NULL,NULL,NULL,16:04.0,15:35.0,NULL,NULL,NULL,NULL
886,62,5,5,NULL,2021,11191,BTECH_CIVILENG_SEM3#2021,3,BTBS301,T2062691191042,6269,0,,,79,79,8,4,32,79,BB,Pass,,No,Published,,10,10,16,,,,43,,,,NULL,NULL,NULL,16:04.0,15:35.0,NULL,NULL,NULL,NULL
887,62,5,5,NULL,2021,11191,BTECH_CIVILENG_SEM3#2021,3,BTBS301,T2062691191043,6269,0,,,87,87,9,4,36,87,AA,Pass,,No,Published,,10,10,20,,,,47,,,,NULL,NULL,NULL,16:04.0,15:35.0,NULL,NULL,NULL,NULL
888,62,5,5,NULL,2021,11191,BTECH_CIVILENG_SEM3#2021,3,BTBS301,T2062691191067,6269,0,,,74,74,7.5,4,30,74,BC,Pass,,No,Published,,10,10,18,,,,36,,,,NULL,NULL,NULL,16:04.0,15:35.0,NULL,NULL,NULL,NULL
889,62,5,5,NULL,2021,11191,BTECH_CIVILENG_SEM3#2021,3,BTBS301,T2062691191070,6269,0,,,89,89,9,4,36,89,AA,Pass,,No,Published,,10,10,20,,,,49,,,,NULL,NULL,NULL,16:04.0,15:35.0,NULL,NULL,NULL,NULL
890,62,5,5,NULL,2021,11191,BTECH_CIVILENG_SEM3#2021,3,BTBS301,T2062701191003,6270,0,,,69,69,7,4,28,69,CC,Pass,,No,Published,,8,9,7,,,,45,,,,NULL,NULL,NULL,16:04.0,15:35.0,NULL,NULL,NULL,NULL
891,62,5,5,NULL,2021,11191,BTECH_CIVILENG_SEM3#2021,3,BTBS301,T2062701191004,6270,0,,,75,75,7.5,4,30,75,BC,Pass,,No,Published,,8,9,13,,,,45,,,,NULL,NULL,NULL,16:04.0,15:35.0,NULL,NULL,NULL,NULL
892,62,5,5,NULL,2021,11191,BTECH_CIVILENG_SEM3#2021,3,BTBS301,T2062701191012,6270,0,,,73,73,7.5,4,30,73,BC,Pass,,No,Published,,10,9,10,,,,44,,,,NULL,NULL,NULL,16:04.0,15:35.0,NULL,NULL,NULL,NULL
893,62,5,5,NULL,2021,11191,BTECH_CIVILENG_SEM3#2021,3,BTBS301,T2062701191018,6270,0,,,59,59,6,4,24,59,DD,Pass,,No,Published,,8,7,7,,,,37,,,,NULL,NULL,NULL,16:04.0,15:35.0,NULL,NULL,NULL,NULL
894,62,5,5,NULL,2021,11191,BTECH_CIVILENG_SEM3#2021,3,BTBS301,T2062701191021,6270,0,,,73,73,7.5,4,30,73,BC,Pass,,No,Published,,10,9,10,,,,44,,,,NULL,NULL,NULL,16:04.0,15:35.0,NULL,NULL,NULL,NULL
895,62,5,5,NULL,2021,11191,BTECH_CIVILENG_SEM3#2021,3,BTBS301,T2062701191022,6270,0,,,52,52,5.5,4,22,52,DE,Pass,,No,Published,,7,9,8,,,,28,,,,NULL,NULL,NULL,16:04.0,15:35.0,NULL,NULL,NULL,NULL
896,62,5,5,NULL,2021,11191,BTECH_CIVILENG_SEM3#2021,3,BTBS301,T2062701191024,6270,0,,,73,73,7.5,4,30,73,BC,Pass,,No,Published,,8,9,10,,,,46,,,,NULL,NULL,NULL,16:04.0,15:35.0,NULL,NULL,NULL,NULL
897,62,5,5,NULL,2021,11191,BTECH_CIVILENG_SEM3#2021,3,BTBS301,T2062701191038,6270,0,,,72,72,7.5,4,30,72,BC,Pass,,No,Published,,6,9,9,,,,48,,,,NULL,NULL,NULL,16:04.0,15:35.0,NULL,NULL,NULL,NULL
898,62,5,5,NULL,2021,11191,BTECH_CIVILENG_SEM3#2021,3,BTBS301,T2063041191003,6304,0,,,69,69,7,4,28,69,CC,Pass,,No,Published,,10,8,14,,,,37,,,,NULL,NULL,NULL,16:04.0,15:35.0,NULL,NULL,NULL,NULL
899,62,5,5,NULL,2021,11191,BTECH_CIVILENG_SEM3#2021,3,BTBS301,T2063081191006,6308,0,,,70,70,7,4,28,70,CC,Pass,,No,Published,,9,9,16,,,,36,,,,NULL,NULL,NULL,16:04.0,15:35.0,NULL,NULL,NULL,NULL
900,62,5,5,NULL,2021,11191,BTECH_CIVILENG_SEM3#2021,3,BTBS301,T2063151191006,6315,0,,,82,82,8.5,4,34,82,AB,Pass,,No,Published,,9,10,20,,,,43,,,,NULL,NULL,NULL,16:04.0,15:35.0,NULL,NULL,NULL,NULL
901,62,5,5,NULL,2021,11191,BTECH_CIVILENG_SEM3#2021,3,BTBS301,T2063151191010,6315,0,,,48,48,5,4,20,48,EE,Pass,,No,Published,,5,9,14,,,,20,,,,NULL,NULL,NULL,16:04.0,15:35.0,NULL,NULL,NULL,NULL
902,62,5,5,NULL,2021,11191,BTECH_CIVILENG_SEM3#2021,3,BTBS301,T2063261191003,6326,0,,,87,87,9,4,36,87,AA,Pass,,No,Published,,9,9,20,,,,49,,,,NULL,NULL,NULL,16:04.0,15:35.0,NULL,NULL,NULL,NULL
903,62,5,5,NULL,2021,11242,BTECH_CSENG_SEM3#2021,3,BTBS301,T2063261191004,6326,0,,,79,79,8,4,32,79,BB,Pass,,No,Published,,9,10,19,,,,41,,,,NULL,NULL,NULL,16:04.0,15:35.0,NULL,NULL,NULL,NULL
904,62,5,5,NULL,2021,11191,BTECH_CIVILENG_SEM3#2021,3,BTBS301,T2063261191005,6326,0,,,85,85,8.5,4,34,85,AB,Pass,,No,Published,,10,10,20,,,,45,,,,NULL,NULL,NULL,16:04.0,15:35.0,NULL,NULL,NULL,NULL
905,62,5,5,NULL,2021,11191,BTECH_CIVILENG_SEM3#2021,3,BTBS301,T2063261191009,6326,0,,,85,85,8.5,4,34,85,AB,Pass,,No,Published,,10,10,20,,,,45,,,,NULL,NULL,NULL,16:04.0,15:35.0,NULL,NULL,NULL,NULL
906,62,5,5,NULL,2021,11191,BTECH_CIVILENG_SEM3#2021,3,BTBS301,T2063261191010,6326,0,,,74,74,7.5,4,30,74,BC,Pass,,No,Published,,10,10,19,,,,35,,,,NULL,NULL,NULL,16:04.0,15:35.0,NULL,NULL,NULL,NULL
907,62,5,5,NULL,2021,11191,BTECH_CIVILENG_SEM3#2021,3,BTBS301,T2065451191005,6545,0,,,63,63,6.5,4,26,63,CD,Pass,,No,Published,,9,9,18,,,,27,,,,NULL,NULL,NULL,16:04.0,15:35.0,NULL,NULL,NULL,NULL
908,62,5,5,NULL,2021,11191,BTECH_CIVILENG_SEM3#2021,3,BTBS301,T2065451191006,6545,0,,,77,77,8,4,32,77,BB,Pass,,No,Published,,10,9,19,,,,39,,,,NULL,NULL,NULL,16:04.0,15:35.0,NULL,NULL,NULL,NULL
909,62,5,5,NULL,2021,11191,BTECH_CIVILENG_SEM3#2021,3,BTBS301,T2065451191007,6545,0,,,74,74,7.5,4,30,74,BC,Pass,,No,Published,,9,8,19,,,,38,,,,NULL,NULL,NULL,16:04.0,15:35.0,NULL,NULL,NULL,NULL
910,62,5,5,NULL,2021,11191,BTECH_CIVILENG_SEM3#2021,3,BTBS301,T2065451191010,6545,0,,,81,81,8.5,4,34,81,AB,Pass,,No,Published,,9,10,19,,,,43,,,,NULL,NULL,NULL,16:04.0,15:35.0,NULL,NULL,NULL,NULL
911,62,5,5,NULL,2021,11191,BTECH_CIVILENG_SEM3#2021,3,BTBS301,T2065451191013,6545,0,,,82,82,8.5,4,34,82,AB,Pass,,No,Published,,9,10,19,,,,44,,,,NULL,NULL,NULL,16:04.0,15:35.0,NULL,NULL,NULL,NULL
912,62,5,5,NULL,2021,11191,BTECH_CIVILENG_SEM3#2021,3,BTBS301,T2066441191001,6644,0,,,76,76,8,4,32,76,BB,Pass,,No,Published,,9,8,17,,,,42,,,,NULL,NULL,NULL,16:04.0,15:35.0,NULL,NULL,NULL,NULL
913,62,5,5,NULL,2021,11191,BTECH_CIVILENG_SEM3#2021,3,BTBS301,T2066441191004,6644,0,,,70,70,7,4,28,70,CC,Pass,,No,Published,,9,8,18,,,,35,,,,NULL,NULL,NULL,16:04.0,15:35.0,NULL,NULL,NULL,NULL
914,62,5,5,NULL,2021,11191,BTECH_CIVILENG_SEM3#2021,3,BTBS301,T2066441191006,6644,0,,,49,49,5,4,20,49,EE,Pass,,No,Published,,6,7,14,,,,22,,,,NULL,NULL,NULL,16:04.0,15:35.0,NULL,NULL,NULL,NULL
915,62,5,5,NULL,2021,11191,BTECH_CIVILENG_SEM3#2021,3,BTBS301,T2067571191007,6757,0,,,86,86,9,4,36,86,AA,Pass,,No,Published,,10,9,18,,,,49,,,,NULL,NULL,NULL,16:04.0,15:35.0,NULL,NULL,NULL,NULL
916,62,5,5,NULL,2021,11191,BTECH_CIVILENG_SEM3#2021,3,BTBS301,T2067621191008,6762,0,,,72,72,7.5,4,30,72,BC,Pass,,No,Published,,9,9,11,,,,43,,,,NULL,NULL,NULL,16:04.0,15:35.0,NULL,NULL,NULL,NULL
917,62,5,5,NULL,2021,11191,BTECH_CIVILENG_SEM3#2021,3,BTBS301,T2067661191002,6766,0,,,70,70,7,4,28,70,CC,Pass,,No,Published,,10,9,20,,,,31,,,,NULL,NULL,NULL,16:04.0,15:35.0,NULL,NULL,NULL,NULL
918,62,5,5,NULL,2021,11191,BTECH_CIVILENG_SEM3#2021,3,BTBS301,T2067811191002,6781,0,,,64,64,6.5,4,26,64,CD,Pass,,No,Published,,7,7,19,,,,31,,,,NULL,NULL,NULL,16:04.0,15:35.0,NULL,NULL,NULL,NULL
919,62,5,5,NULL,2021,11191,BTECH_CIVILENG_SEM3#2021,3,BTBS301,T2067811191005,6781,0,,,77,77,8,4,32,77,BB,Pass,,No,Published,,8,8,18,,,,43,,,,NULL,NULL,NULL,16:04.0,15:35.0,NULL,NULL,NULL,NULL
920,62,5,5,NULL,2021,11191,BTECH_CIVILENG_SEM3#2021,3,BTBS301,T2067971191010,6797,0,,,77,77,8,4,32,77,BB,Pass,,No,Published,,9,8,19,,,,41,,,,NULL,NULL,NULL,16:04.0,15:35.0,NULL,NULL,NULL,NULL
921,62,5,5,NULL,2021,11293,BTECH_ELEENG_SEM3#2021,3,BTBS301,T2069381191001,6938,0,,,75,75,7.5,4,30,75,BC,Pass,,No,Published,,8,10,20,,,,37,,,,NULL,NULL,NULL,16:04.0,15:35.0,NULL,NULL,NULL,NULL
922,62,5,5,NULL,2021,11372,BTECH_ENTCENG_SEM3#2021,3,BTBS301,T2069381191002,6938,0,,,60,60,6,4,24,60,DD,Pass,,No,Published,,7,7,15,,,,31,,,,NULL,NULL,NULL,16:04.0,15:35.0,NULL,NULL,NULL,NULL
923,62,5,5,NULL,2021,11191,BTECH_CIVILENG_SEM3#2021,3,BTBS301,T2062691191001,6269,0,,,78,78,8,4,32,78,BB,Pass,,No,Published,,10,10,20,,,,38,,,,NULL,NULL,NULL,16:04.0,15:35.0,NULL,NULL,NULL,NULL
924,62,5,5,NULL,2021,11191,BTECH_CIVILENG_SEM3#2021,3,BTBS301,T2062691191002,6269,0,,,75,75,7.5,4,30,75,BC,Pass,,No,Published,,10,10,19,,,,36,,,,NULL,NULL,NULL,16:04.0,15:35.0,NULL,NULL,NULL,NULL
925,62,5,5,NULL,2021,11191,BTECH_CIVILENG_SEM3#2021,3,BTBS301,T2062691191003,6269,0,,,83,83,8.5,4,34,83,AB,Pass,,No,Published,,10,8,20,,,,45,,,,NULL,NULL,NULL,16:04.0,15:35.0,NULL,NULL,NULL,NULL
926,62,5,5,NULL,2021,11191,BTECH_CIVILENG_SEM3#2021,3,BTBS301,T2062691191004,6269,0,,,80,80,8,4,32,80,BB,Pass,,No,Published,,10,10,20,,,,40,,,,NULL,NULL,NULL,16:04.0,15:35.0,NULL,NULL,NULL,NULL
927,62,5,5,NULL,2021,11191,BTECH_CIVILENG_SEM3#2021,3,BTBS301,T2062691191005,6269,0,,,72,72,7.5,4,30,72,BC,Pass,,No,Published,,10,10,10,,,,42,,,,NULL,NULL,NULL,16:04.0,15:35.0,NULL,NULL,NULL,NULL
928,62,5,5,NULL,2021,11191,BTECH_CIVILENG_SEM3#2021,3,BTBS301,T2062691191006,6269,0,,,81,81,8.5,4,34,81,AB,Pass,,No,Published,,10,8,20,,,,43,,,,NULL,NULL,NULL,16:04.0,15:35.0,NULL,NULL,NULL,NULL
929,62,5,5,NULL,2021,11191,BTECH_CIVILENG_SEM3#2021,3,BTBS301,T2062691191008,6269,0,,,83,83,8.5,4,34,83,AB,Pass,,No,Published,,9,9,20,,,,45,,,,NULL,NULL,NULL,16:04.0,15:35.0,NULL,NULL,NULL,NULL
930,62,5,5,NULL,2021,11191,BTECH_CIVILENG_SEM3#2021,3,BTBS301,T2062691191009,6269,0,,,52,52,5.5,4,22,52,DE,Pass,,No,Published,,8,8,8,,,,28,,,,NULL,NULL,NULL,16:04.0,15:35.0,NULL,NULL,NULL,NULL
931,62,5,5,NULL,2021,11191,BTECH_CIVILENG_SEM3#2021,3,BTBS301,T2062691191010,6269,0,,,65,65,6.5,4,26,65,CD,Pass,,No,Published,,10,9,17,,,,29,,,,NULL,NULL,NULL,16:04.0,15:35.0,NULL,NULL,NULL,NULL
932,62,5,5,NULL,2021,11191,BTECH_CIVILENG_SEM3#2021,3,BTBS301,T2062691191011,6269,0,,,80,80,8,4,32,80,BB,Pass,,No,Published,,10,10,20,,,,40,,,,NULL,NULL,NULL,16:04.0,15:35.0,NULL,NULL,NULL,NULL
933,62,5,5,NULL,2021,11191,BTECH_CIVILENG_SEM3#2021,3,BTBS301,T2062691191013,6269,0,,,79,79,8,4,32,79,BB,Pass,,No,Published,,10,10,20,,,,39,,,,NULL,NULL,NULL,16:04.0,15:35.0,NULL,NULL,NULL,NULL
934,62,5,5,NULL,2021,11191,BTECH_CIVILENG_SEM3#2021,3,BTBS301,T2062691191014,6269,0,,,59,59,6,4,24,59,DD,Pass,,No,Published,,10,10,20,,,,19,,,,NULL,NULL,NULL,16:04.0,15:35.0,NULL,NULL,NULL,NULL
935,62,5,5,NULL,2021,11191,BTECH_CIVILENG_SEM3#2021,3,BTBS301,T2062691191015,6269,0,,,66,66,7,4,28,66,CC,Pass,,No,Published,,9,9,20,,,,28,,,,NULL,NULL,NULL,16:04.0,15:35.0,NULL,NULL,NULL,NULL
936,62,5,5,NULL,2021,11191,BTECH_CIVILENG_SEM3#2021,3,BTBS301,T2062691191016,6269,0,,,64,64,6.5,4,26,64,CD,Pass,,No,Published,,10,10,20,,,,24,,,,NULL,NULL,NULL,16:04.0,15:35.0,NULL,NULL,NULL,NULL
937,62,5,5,NULL,2021,11191,BTECH_CIVILENG_SEM3#2021,3,BTBS301,T2062691191018,6269,0,,,91,91,10,4,40,91,EX,Pass,,No,Published,,9,10,20,,,,52,,,,NULL,NULL,NULL,16:04.0,15:35.0,NULL,NULL,NULL,NULL
938,62,5,5,NULL,2021,11191,BTECH_CIVILENG_SEM3#2021,3,BTBS301,T2062691191019,6269,0,,,83,83,8.5,4,34,83,AB,Pass,,No,Published,,10,10,18,,,,45,,,,NULL,NULL,NULL,16:04.0,15:35.0,NULL,NULL,NULL,NULL
939,62,5,5,NULL,2021,11191,BTECH_CIVILENG_SEM3#2021,3,BTBS301,T2062691191020,6269,0,,,63,63,6.5,4,26,63,CD,Pass,,No,Published,,10,10,20,,,,23,,,,NULL,NULL,NULL,16:04.0,15:35.0,NULL,NULL,NULL,NULL
940,62,5,5,NULL,2021,11191,BTECH_CIVILENG_SEM3#2021,3,BTBS301,T2062691191021,6269,0,,,84,84,8.5,4,34,84,AB,Pass,,No,Published,,10,10,20,,,,44,,,,NULL,NULL,NULL,16:04.0,15:35.0,NULL,NULL,NULL,NULL
941,62,5,5,NULL,2021,11191,BTECH_CIVILENG_SEM3#2021,3,BTBS301,T2062691191022,6269,0,,,72,72,7.5,4,30,72,BC,Pass,,No,Published,,8,10,20,,,,34,,,,NULL,NULL,NULL,16:04.0,15:35.0,NULL,NULL,NULL,NULL
942,62,5,5,NULL,2021,11191,BTECH_CIVILENG_SEM3#2021,3,BTBS301,T2062691191023,6269,0,,,70,70,7,4,28,70,CC,Pass,,No,Published,,9,9,20,,,,32,,,,NULL,NULL,NULL,16:04.0,15:35.0,NULL,NULL,NULL,NULL
943,62,5,5,NULL,2021,11191,BTECH_CIVILENG_SEM3#2021,3,BTBS301,T2062691191024,6269,0,,,72,72,7.5,4,30,72,BC,Pass,,No,Published,,10,10,16,,,,36,,,,NULL,NULL,NULL,16:04.0,15:35.0,NULL,NULL,NULL,NULL
944,62,5,5,NULL,2021,11191,BTECH_CIVILENG_SEM3#2021,3,BTBS301,T2062691191025,6269,0,,,63,63,6.5,4,26,63,CD,Pass,,No,Published,,6,10,20,,,,27,,,,NULL,NULL,NULL,16:04.0,15:35.0,NULL,NULL,NULL,NULL
945,62,5,5,NULL,2021,11191,BTECH_CIVILENG_SEM3#2021,3,BTBS301,T2062691191026,6269,0,,,77,77,8,4,32,77,BB,Pass,,No,Published,,10,10,20,,,,37,,,,NULL,NULL,NULL,16:04.0,15:35.0,NULL,NULL,NULL,NULL
946,62,5,5,NULL,2021,11191,BTECH_CIVILENG_SEM3#2021,3,BTBS301,T2062691191027,6269,0,,,83,83,8.5,4,34,83,AB,Pass,,No,Published,,10,10,20,,,,43,,,,NULL,NULL,NULL,16:04.0,15:35.0,NULL,NULL,NULL,NULL
947,62,5,5,NULL,2021,11191,BTECH_CIVILENG_SEM3#2021,3,BTBS301,T2062691191028,6269,0,,,66,66,7,4,28,66,CC,Pass,,No,Published,,10,10,20,,,,26,,,,NULL,NULL,NULL,16:04.0,15:35.0,NULL,NULL,NULL,NULL
948,62,5,5,NULL,2021,11191,BTECH_CIVILENG_SEM3#2021,3,BTBS301,T2062691191030,6269,0,,,68,68,7,4,28,68,CC,Pass,,No,Published,,10,10,17,,,,31,,,,NULL,NULL,NULL,16:04.0,15:35.0,NULL,NULL,NULL,NULL
949,62,5,5,NULL,2021,11191,BTECH_CIVILENG_SEM3#2021,3,BTBS301,T2062691191031,6269,0,,,88,88,9,4,36,88,AA,Pass,,No,Published,,10,10,20,,,,48,,,,NULL,NULL,NULL,16:04.0,15:35.0,NULL,NULL,NULL,NULL
950,62,5,5,NULL,2021,11191,BTECH_CIVILENG_SEM3#2021,3,BTBS301,T2062691191032,6269,0,,,86,86,9,4,36,86,AA,Pass,,No,Published,,10,10,20,,,,46,,,,NULL,NULL,NULL,16:04.0,15:35.0,NULL,NULL,NULL,NULL
951,62,5,5,NULL,2021,11191,BTECH_CIVILENG_SEM3#2021,3,BTBS301,T2062691191033,6269,0,,,80,80,8,4,32,80,BB,Pass,,No,Published,,9,9,20,,,,42,,,,NULL,NULL,NULL,16:04.0,15:35.0,NULL,NULL,NULL,NULL
952,62,5,5,NULL,2021,11191,BTECH_CIVILENG_SEM3#2021,3,BTBS301,T2062691191034,6269,0,-,,82,82,8.5,4,34,82,AB,Pass,,No,Published,No,10,10,19,,,,43,,,,NULL,NULL,NULL,16:04.0,15:35.0,NULL,NULL,NULL,NULL
953,62,5,5,NULL,2021,11191,BTECH_CIVILENG_SEM3#2021,3,BTBS301,T2062691191037,6269,0,,,74,74,7.5,4,30,74,BC,Pass,,No,Published,,10,10,20,,,,34,,,,NULL,NULL,NULL,16:04.0,15:35.0,NULL,NULL,NULL,NULL
954,62,5,5,NULL,2021,11191,BTECH_CIVILENG_SEM3#2021,3,BTBS301,T2062691191038,6269,0,,,71,71,7.5,4,30,71,BC,Pass,,No,Published,,9,10,19,,,,33,,,,NULL,NULL,NULL,16:04.0,15:35.0,NULL,NULL,NULL,NULL
955,62,5,5,NULL,2021,11191,BTECH_CIVILENG_SEM3#2021,3,BTBS301,T2062691191039,6269,0,,,84,84,8.5,4,34,84,AB,Pass,,No,Published,,8,10,20,,,,46,,,,NULL,NULL,NULL,16:04.0,15:35.0,NULL,NULL,NULL,NULL
956,62,5,5,NULL,2021,11191,BTECH_CIVILENG_SEM3#2021,3,BTBS301,T2062691191040,6269,0,,,87,87,9,4,36,87,AA,Pass,,No,Published,,10,10,20,,,,47,,,,NULL,NULL,NULL,16:04.0,15:35.0,NULL,NULL,NULL,NULL
957,62,5,5,NULL,2021,11191,BTECH_CIVILENG_SEM3#2021,3,BTBS301,T2062691191041,6269,0,,,66,66,7,4,28,66,CC,Pass,,No,Published,,10,10,20,,,,26,,,,NULL,NULL,NULL,16:04.0,15:35.0,NULL,NULL,NULL,NULL
958,62,5,5,NULL,2021,11191,BTECH_CIVILENG_SEM3#2021,3,BTBS301,T2062691191044,6269,0,,,78,78,8,4,32,78,BB,Pass,,No,Published,,10,10,20,,,,38,,,,NULL,NULL,NULL,16:04.0,15:35.0,NULL,NULL,NULL,NULL
959,62,5,5,NULL,2021,11191,BTECH_CIVILENG_SEM3#2021,3,BTBS301,T2062691191045,6269,0,,,83,83,8.5,4,34,83,AB,Pass,,No,Published,,10,10,20,,,,43,,,,NULL,NULL,NULL,16:04.0,15:35.0,NULL,NULL,NULL,NULL
960,62,5,5,NULL,2021,11191,BTECH_CIVILENG_SEM3#2021,3,BTBS301,T2062691191046,6269,0,,,60,60,6,4,24,60,DD,Pass,,No,Published,,10,10,19,,,,21,,,,NULL,NULL,NULL,16:04.0,15:35.0,NULL,NULL,NULL,NULL
961,62,5,5,NULL,2021,11191,BTECH_CIVILENG_SEM3#2021,3,BTBS301,T2062691191047,6269,0,,,82,82,8.5,4,34,82,AB,Pass,,No,Published,,10,10,20,,,,42,,,,NULL,NULL,NULL,16:04.0,15:35.0,NULL,NULL,NULL,NULL
962,62,5,5,NULL,2021,11191,BTECH_CIVILENG_SEM3#2021,3,BTBS301,T2062691191048,6269,0,,,70,70,7,4,28,70,CC,Pass,,No,Published,,10,10,20,,,,30,,,,NULL,NULL,NULL,16:04.0,15:35.0,NULL,NULL,NULL,NULL
963,62,5,5,NULL,2021,11191,BTECH_CIVILENG_SEM3#2021,3,BTBS301,T2062691191049,6269,0,,,69,69,7,4,28,69,CC,Pass,,No,Published,,10,10,20,,,,29,,,,NULL,NULL,NULL,16:04.0,15:35.0,NULL,NULL,NULL,NULL
964,62,5,5,NULL,2021,11191,BTECH_CIVILENG_SEM3#2021,3,BTBS301,T2062691191050,6269,0,,,84,84,8.5,4,34,84,AB,Pass,,No,Published,,10,10,20,,,,44,,,,NULL,NULL,NULL,16:04.0,15:35.0,NULL,NULL,NULL,NULL
965,62,5,5,NULL,2021,11191,BTECH_CIVILENG_SEM3#2021,3,BTBS301,T2062691191051,6269,0,,,83,83,8.5,4,34,83,AB,Pass,,No,Published,,10,10,20,,,,43,,,,NULL,NULL,NULL,16:04.0,15:35.0,NULL,NULL,NULL,NULL
966,62,5,5,NULL,2021,11191,BTECH_CIVILENG_SEM3#2021,3,BTBS301,T2062691191052,6269,0,,,60,60,6,4,24,60,DD,Pass,,No,Published,,10,10,10,,,,30,,,,NULL,NULL,NULL,16:04.0,15:35.0,NULL,NULL,NULL,NULL
967,62,5,5,NULL,2021,11191,BTECH_CIVILENG_SEM3#2021,3,BTBS301,T2062691191053,6269,0,,,80,80,8,4,32,80,BB,Pass,,No,Published,,10,10,20,,,,40,,,,NULL,NULL,NULL,16:04.0,15:35.0,NULL,NULL,NULL,NULL
968,62,5,5,NULL,2021,11191,BTECH_CIVILENG_SEM3#2021,3,BTBS301,T2062691191054,6269,0,,,63,63,6.5,4,26,63,CD,Pass,,No,Published,,10,10,20,,,,23,,,,NULL,NULL,NULL,16:04.0,15:35.0,NULL,NULL,NULL,NULL
969,62,5,5,NULL,2021,11293,BTECH_ELEENG_SEM3#2021,3,BTBS301,T2062691191055,6269,0,,,92,92,10,4,40,92,EX,Pass,,No,Published,,10,10,19,,,,53,,,,NULL,NULL,NULL,16:04.0,15:35.0,NULL,NULL,NULL,NULL
970,62,5,5,NULL,2021,11191,BTECH_CIVILENG_SEM3#2021,3,BTBS301,T2062691191056,6269,0,,,88,88,9,4,36,88,AA,Pass,,No,Published,,10,10,20,,,,48,,,,NULL,NULL,NULL,16:04.0,15:35.0,NULL,NULL,NULL,NULL
971,62,5,5,NULL,2021,11191,BTECH_CIVILENG_SEM3#2021,3,BTBS301,T2062691191057,6269,0,,,87,87,9,4,36,87,AA,Pass,,No,Published,,10,10,20,,,,47,,,,NULL,NULL,NULL,16:04.0,15:35.0,NULL,NULL,NULL,NULL
972,62,5,5,NULL,2021,11191,BTECH_CIVILENG_SEM3#2021,3,BTBS301,T2062691191058,6269,0,,,42,42,5,4,20,42,EE,Pass,,No,Published,,10,10,9,,,,13,,,,NULL,NULL,NULL,16:04.0,15:35.0,NULL,NULL,NULL,NULL
973,62,5,5,NULL,2021,11191,BTECH_CIVILENG_SEM3#2021,3,BTBS301,T2062691191059,6269,0,,,80,80,8,4,32,80,BB,Pass,,No,Published,,10,10,20,,,,40,,,,NULL,NULL,NULL,16:04.0,15:35.0,NULL,NULL,NULL,NULL
974,62,5,5,NULL,2021,11191,BTECH_CIVILENG_SEM3#2021,3,BTBS301,T2062691191060,6269,0,,,82,82,8.5,4,34,82,AB,Pass,,No,Published,,10,10,20,,,,42,,,,NULL,NULL,NULL,16:04.0,15:35.0,NULL,NULL,NULL,NULL
975,62,5,5,NULL,2021,11191,BTECH_CIVILENG_SEM3#2021,3,BTBS301,T2062691191061,6269,0,,,59,59,6,4,24,59,DD,Pass,,No,Published,,10,10,20,,,,19,,,,NULL,NULL,NULL,16:04.0,15:35.0,NULL,NULL,NULL,NULL
976,62,5,5,NULL,2021,11191,BTECH_CIVILENG_SEM3#2021,3,BTBS301,T2062691191062,6269,0,,,88,88,9,4,36,88,AA,Pass,,No,Published,,10,10,19,,,,49,,,,NULL,NULL,NULL,16:04.0,15:35.0,NULL,NULL,NULL,NULL
977,62,5,5,NULL,2021,11191,BTECH_CIVILENG_SEM3#2021,3,BTBS301,T2062691191063,6269,0,,,85,85,8.5,4,34,85,AB,Pass,,No,Published,,9,9,20,,,,47,,,,NULL,NULL,NULL,16:04.0,15:35.0,NULL,NULL,NULL,NULL
978,62,5,5,NULL,2021,11191,BTECH_CIVILENG_SEM3#2021,3,BTBS301,T2062691191064,6269,0,,,72,72,7.5,4,30,72,BC,Pass,,No,Published,,10,10,10,,,,42,,,,NULL,NULL,NULL,16:04.0,15:35.0,NULL,NULL,NULL,NULL
979,62,5,5,NULL,2021,11191,BTECH_CIVILENG_SEM3#2021,3,BTBS301,T2062691191065,6269,0,,,51,51,5.5,4,22,51,DE,Pass,,No,Published,,8,10,20,,,,13,,,,NULL,NULL,NULL,16:04.0,15:35.0,NULL,NULL,NULL,NULL
980,62,5,5,NULL,2021,11191,BTECH_CIVILENG_SEM3#2021,3,BTBS301,T2062691191066,6269,0,,,85,85,8.5,4,34,85,AB,Pass,,No,Published,,9,9,20,,,,47,,,,NULL,NULL,NULL,16:04.0,15:35.0,NULL,NULL,NULL,NULL
981,62,5,5,NULL,2021,11191,BTECH_CIVILENG_SEM3#2021,3,BTBS301,T2062691191068,6269,0,,,81,81,8.5,4,34,81,AB,Pass,,No,Published,,9,9,20,,,,43,,,,NULL,NULL,NULL,16:04.0,15:35.0,NULL,NULL,NULL,NULL
982,62,5,5,NULL,2021,11191,BTECH_CIVILENG_SEM3#2021,3,BTBS301,T2062691191069,6269,0,,,75,75,7.5,4,30,75,BC,Pass,,No,Published,,10,10,20,,,,35,,,,NULL,NULL,NULL,16:04.0,15:35.0,NULL,NULL,NULL,NULL
983,62,5,5,NULL,2021,11191,BTECH_CIVILENG_SEM3#2021,3,BTBS301,T2062691191071,6269,0,,,77,77,8,4,32,77,BB,Pass,,No,Published,,10,10,15,,,,42,,,,NULL,NULL,NULL,16:04.0,15:35.0,NULL,NULL,NULL,NULL
984,62,5,5,NULL,2021,11191,BTECH_CIVILENG_SEM3#2021,3,BTBS301,T2062691191072,6269,0,,,78,78,8,4,32,78,BB,Pass,,No,Published,,10,10,20,,,,38,,,,NULL,NULL,NULL,16:04.0,15:35.0,NULL,NULL,NULL,NULL
985,62,5,5,NULL,2021,11191,BTECH_CIVILENG_SEM3#2021,3,BTBS301,T2062691191073,6269,0,,,63,63,6.5,4,26,63,CD,Pass,,No,Published,,10,10,10,,,,33,,,,NULL,NULL,NULL,16:04.0,15:35.0,NULL,NULL,NULL,NULL
986,62,5,5,NULL,2021,11191,BTECH_CIVILENG_SEM3#2021,3,BTBS301,T2062701191001,6270,0,,,61,61,6.5,4,26,61,CD,Pass,,No,Published,,6,9,6,,,,40,,,,NULL,NULL,NULL,16:04.0,15:35.0,NULL,NULL,NULL,NULL
987,62,5,5,NULL,2021,11191,BTECH_CIVILENG_SEM3#2021,3,BTBS301,T2062701191002,6270,0,,,73,73,7.5,4,30,73,BC,Pass,,No,Published,,10,9,6,,,,48,,,,NULL,NULL,NULL,16:04.0,15:35.0,NULL,NULL,NULL,NULL
988,62,5,5,NULL,2021,11191,BTECH_CIVILENG_SEM3#2021,3,BTBS301,T2062701191005,6270,0,,,63,63,6.5,4,26,63,CD,Pass,,No,Published,,8,8,6,,,,41,,,,NULL,NULL,NULL,16:04.0,15:35.0,NULL,NULL,NULL,NULL
989,62,5,5,NULL,2021,11191,BTECH_CIVILENG_SEM3#2021,3,BTBS301,T2062701191006,6270,0,,,50,50,5,4,20,50,EE,Pass,,No,Published,,8,8,8,,,,26,,,,NULL,NULL,NULL,16:04.0,15:35.0,NULL,NULL,NULL,NULL
990,62,5,5,NULL,2021,11191,BTECH_CIVILENG_SEM3#2021,3,BTBS301,T2062701191007,6270,0,,,54,54,5.5,4,22,54,DE,Pass,,No,Published,,6,8,5,,,,35,,,,NULL,NULL,NULL,16:04.0,15:35.0,NULL,NULL,NULL,NULL
991,62,5,5,NULL,2021,11191,BTECH_CIVILENG_SEM3#2021,3,BTBS301,T2062701191008,6270,0,,,82,82,8.5,4,34,82,AB,Pass,,No,Published,,10,10,15,,,,47,,,,NULL,NULL,NULL,16:04.0,15:35.0,NULL,NULL,NULL,NULL
992,62,5,5,NULL,2021,11191,BTECH_CIVILENG_SEM3#2021,3,BTBS301,T2062701191009,6270,0,,,67,67,7,4,28,67,CC,Pass,,No,Published,,5,9,11,,,,42,,,,NULL,NULL,NULL,16:04.0,15:35.0,NULL,NULL,NULL,NULL
993,62,5,5,NULL,2021,11191,BTECH_CIVILENG_SEM3#2021,3,BTBS301,T2062701191010,6270,0,,,69,69,7,4,28,69,CC,Pass,,No,Published,,4,8,10,,,,47,,,,NULL,NULL,NULL,16:04.0,15:35.0,NULL,NULL,NULL,NULL
994,62,5,5,NULL,2021,11191,BTECH_CIVILENG_SEM3#2021,3,BTBS301,T2062701191011,6270,0,,,65,65,6.5,4,26,65,CD,Pass,,No,Published,,4,8,6,,,,47,,,,NULL,NULL,NULL,16:04.0,15:35.0,NULL,NULL,NULL,NULL
995,62,5,5,NULL,2021,11191,BTECH_CIVILENG_SEM3#2021,3,BTBS301,T2062701191013,6270,0,,,84,84,8.5,4,34,84,AB,Pass,,No,Published,,10,10,19,,,,45,,,,NULL,NULL,NULL,16:04.0,15:35.0,NULL,NULL,NULL,NULL
996,62,5,5,NULL,2021,11191,BTECH_CIVILENG_SEM3#2021,3,BTBS301,T2062701191015,6270,0,,,45,45,5,4,20,45,EE,Pass,,No,Published,,8,10,7,,,,20,,,,NULL,NULL,NULL,16:04.0,15:35.0,NULL,NULL,NULL,NULL
997,62,5,5,NULL,2021,11191,BTECH_CIVILENG_SEM3#2021,3,BTBS301,T2062701191016,6270,0,,,69,69,7,4,28,69,CC,Pass,,No,Published,,7,8,8,,,,46,,,,NULL,NULL,NULL,16:04.0,15:35.0,NULL,NULL,NULL,NULL
998,62,5,5,NULL,2021,11191,BTECH_CIVILENG_SEM3#2021,3,BTBS301,T2062701191017,6270,0,,,86,86,9,4,36,86,AA,Pass,,No,Published,No,10,10,17,,,,49,,,,NULL,NULL,NULL,16:04.0,15:35.0,NULL,NULL,NULL,NULL
999,62,5,5,NULL,2021,11191,BTECH_CIVILENG_SEM3#2021,3,BTBS301,T2062701191019,6270,0,,,75,75,7.5,4,30,75,BC,Pass,,No,Published,,10,10,8,,,,47,,,,NULL,NULL,NULL,16:04.0,15:35.0,NULL,NULL,NULL,NULL
1000,62,5,5,NULL,2021,11191,BTECH_CIVILENG_SEM3#2021,3,BTBS301,T2062701191020,6270,0,,,62,62,6.5,4,26,62,CD,Pass,,No,Published,,6,7,8,,,,41,,,,NULL,NULL,NULL,16:04.0,15:35.0,NULL,NULL,NULL,NULL
